temperatura_C,vibracion_mm_s,presion_bar,corriente_A,horas_desde_mantenimiento,rpm,etiqueta
46.400,1.721,6.167,15.819,1110.360,1709.345,0
69.110,2.733,6.350,14.922,1575.281,1736.184,0
59.413,2.713,5.784,14.607,1342.672,1770.426,0
54.698,2.641,6.047,14.281,722.846,1766.295,0
61.784,2.476,6.414,12.519,1378.783,1824.861,0
61.698,2.244,5.895,12.906,851.831,1748.664,0
65.283,2.311,6.062,13.127,1247.115,1770.158,0
61.567,1.688,5.883,13.349,423.456,1675.968,0
55.961,2.141,5.400,14.621,342.803,1795.403,0
66.655,8.399,5.699,13.532,2271.977,1661.944,1
69.036,2.122,5.824,12.478,413.250,1729.568,0
60.334,2.339,4.917,15.915,18.645,1814.093,0
69.213,2.295,6.064,13.167,689.688,1686.067,0
64.443,2.609,6.351,14.452,1762.882,1779.715,0
64.093,2.110,6.087,12.703,641.971,1810.622,0
57.261,2.680,5.876,13.928,798.382,1781.803,0
68.227,3.114,5.437,14.177,1835.988,1790.337,0
60.838,1.195,5.535,15.188,1929.022,1742.679,0
57.335,1.958,5.617,15.216,1141.563,1740.887,0
56.119,2.049,5.839,14.232,1221.209,1764.413,0
57.782,2.034,6.051,12.830,8.871,1707.623,0
57.002,2.064,5.445,13.739,1937.824,1715.339,0
56.343,1.264,5.574,14.450,1691.324,1665.365,0
70.923,2.806,6.706,13.280,770.816,1785.536,0
69.691,1.270,6.827,15.360,1278.276,1773.484,0
65.367,1.756,6.452,13.769,976.977,1795.617,0
55.609,2.632,5.845,12.872,48.014,1761.701,0
59.192,1.323,6.244,12.430,1064.245,1763.003,0
59.899,3.336,5.979,15.824,909.316,1780.861,0
58.999,1.787,6.768,12.988,1868.395,1736.683,0
67.132,1.783,6.365,15.156,1483.895,1773.769,0
58.545,1.488,6.412,11.844,158.709,1723.613,0
56.097,1.657,6.232,15.655,1163.695,1805.322,0
65.420,3.381,6.162,13.149,1816.529,1654.648,0
63.424,2.007,5.604,14.488,492.959,1786.144,0
56.637,1.579,6.652,13.317,516.779,1762.002,0
66.011,2.534,5.368,12.725,1183.965,1788.013,0
65.922,2.769,5.288,15.453,1214.787,1779.583,0
56.341,2.339,6.073,13.770,1342.027,1726.966,0
62.007,2.551,5.706,13.677,725.752,1754.173,0
52.162,2.202,6.398,11.701,542.855,1782.249,0
64.790,2.011,6.278,13.834,257.994,1684.605,0
63.079,1.664,5.728,12.939,1495.771,1703.534,0
66.085,5.530,6.264,12.255,2167.919,1618.244,1
64.868,1.440,5.153,13.836,1641.855,1638.149,0
64.351,2.360,6.523,16.625,94.342,1750.395,0
64.310,2.260,6.429,14.965,515.472,1775.601,0
61.171,2.217,5.614,13.517,168.058,1785.370,0
64.171,1.652,5.343,12.545,985.209,1624.499,0
65.435,2.356,6.401,16.176,1039.225,1752.695,0
61.559,3.740,6.504,13.670,612.971,1792.798,0
64.889,1.309,6.171,12.298,1168.745,1714.165,0
50.825,1.672,5.553,13.067,101.030,1744.942,0
62.780,1.786,5.862,16.483,85.754,1789.094,0
53.365,2.567,6.865,12.868,510.085,1769.688,0
60.949,2.282,5.934,13.193,98.912,1663.067,0
52.639,3.028,5.637,15.095,1164.018,1840.928,0
60.841,1.837,6.228,14.447,624.104,1724.608,0
58.716,1.890,5.807,14.957,1587.067,1790.589,0
58.964,2.579,6.460,15.449,30.492,1763.859,0
68.026,1.465,5.125,14.135,94.585,1822.158,0
61.530,2.814,5.838,17.052,1865.927,1682.864,0
59.105,1.851,6.728,15.496,1237.260,1842.272,0
59.260,2.655,5.630,13.236,1698.879,1755.965,0
74.288,2.445,6.196,14.860,1229.028,1716.225,0
61.618,2.115,5.272,13.142,1000.819,1767.030,0
72.401,6.345,5.582,15.922,2416.977,1603.873,1
58.909,2.728,6.206,11.278,143.200,1805.509,0
53.216,1.673,6.136,11.778,818.749,1732.794,0
61.516,2.552,5.960,12.605,1590.229,1700.144,0
64.255,2.112,5.631,14.788,334.611,1706.316,0
60.931,2.578,5.169,15.103,1496.369,1688.488,0
55.316,2.010,7.086,13.131,803.543,1813.856,0
65.413,1.720,6.674,11.998,1350.867,1781.348,0
65.950,2.500,6.269,13.955,386.342,1713.613,0
62.969,2.908,5.964,13.685,30.499,1769.817,0
64.841,2.054,5.328,15.404,1196.468,1790.518,0
58.676,2.202,5.172,14.006,566.761,1644.850,0
53.569,1.737,6.189,16.281,1356.747,1704.340,0
61.566,2.459,5.714,12.085,917.549,1657.522,0
55.416,2.215,6.627,12.821,537.603,1727.657,0
72.152,2.354,5.675,14.433,857.162,1683.484,0
55.508,1.779,5.808,10.530,1858.358,1728.292,0
72.730,2.950,6.367,12.067,1808.754,1775.230,0
66.543,3.027,6.118,12.387,1093.126,1796.336,0
72.456,2.922,6.569,15.371,317.336,1802.356,0
59.743,1.972,6.986,14.203,1037.735,1775.261,0
66.063,7.385,5.081,15.570,1929.567,1726.356,1
66.565,2.070,5.586,14.807,1927.230,1666.329,0
57.637,2.143,5.894,15.240,663.982,1722.743,0
62.800,2.385,6.019,13.658,960.206,1691.617,0
61.576,1.557,6.473,13.024,470.739,1805.949,0
63.493,2.606,6.652,13.477,1657.243,1743.386,0
65.820,2.484,5.685,15.824,1095.221,1893.292,0
58.716,1.730,5.781,14.130,115.212,1766.843,0
65.053,2.808,6.799,12.021,651.307,1727.145,0
61.143,2.828,5.416,15.992,703.264,1635.419,0
64.572,1.314,5.982,15.722,506.760,1781.281,0
68.487,2.293,6.330,14.837,258.888,1765.334,0
57.979,1.520,5.490,14.772,1978.090,1727.243,0
66.858,1.995,6.555,13.194,1298.950,1688.732,0
54.623,2.607,6.200,13.906,1849.497,1837.820,0
72.740,2.745,6.360,17.333,398.544,1799.172,0
59.735,1.735,6.272,16.114,1628.310,1775.246,0
64.105,2.009,6.501,15.288,250.816,1771.436,0
66.454,2.643,5.065,12.670,502.557,1773.279,0
59.467,2.108,5.204,15.123,1076.057,1867.776,0
68.834,2.011,5.937,14.815,135.796,1803.418,0
52.979,1.878,5.934,11.699,673.695,1753.000,0
54.384,2.781,6.286,11.605,478.574,1736.328,0
67.908,2.659,6.356,15.698,1153.040,1789.677,0
63.741,1.740,6.688,13.495,859.905,1697.394,0
65.253,2.553,5.505,10.738,824.247,1796.883,0
65.067,1.866,6.194,15.212,1345.557,1797.193,0
65.568,2.477,5.982,14.855,1100.483,1728.484,0
61.070,1.951,6.340,13.632,857.764,1709.422,0
58.726,1.420,6.244,16.270,717.241,1870.959,0
61.923,1.966,5.455,11.830,1511.321,1751.231,0
68.142,2.257,5.894,10.861,1572.136,1785.663,0
78.175,4.506,4.420,19.952,848.428,1768.895,1
56.103,1.816,4.645,15.196,1864.455,1862.699,0
61.730,1.907,5.884,16.057,1926.775,1721.791,0
63.042,2.149,7.288,17.356,241.368,1652.580,0
57.847,2.555,5.758,13.059,363.805,1875.550,0
65.732,3.308,6.425,14.331,1648.410,1673.878,0
65.705,1.953,6.281,14.687,1610.572,1813.711,0
62.925,2.581,6.139,14.315,799.045,1723.567,0
63.496,2.084,6.430,16.691,734.691,1736.308,0
64.360,2.644,6.841,15.172,1224.881,1757.532,0
49.272,3.354,6.235,11.820,234.302,1742.448,0
65.748,2.252,6.332,13.912,458.888,1712.872,0
77.228,4.462,4.916,21.652,1274.588,1730.544,1
60.757,2.520,6.572,11.430,873.739,1855.035,0
60.917,2.683,6.591,11.198,41.520,1735.593,0
62.589,3.306,6.761,14.539,1151.230,1675.112,0
75.717,8.189,6.765,12.942,2000.757,1406.759,1
58.489,2.259,6.660,13.443,568.726,1689.098,0
73.476,2.843,6.292,13.353,599.396,1750.673,0
61.467,2.444,5.375,13.683,11.777,1808.881,0
50.630,1.313,5.791,13.200,1677.367,1661.512,0
64.363,2.316,5.089,14.215,721.489,1718.648,0
81.199,2.846,4.955,19.575,1270.797,1689.218,1
65.460,1.809,6.359,14.754,281.727,1805.182,0
88.613,2.475,4.553,12.991,1407.463,1751.539,1
69.565,2.740,6.224,13.614,713.954,1692.652,0
72.300,7.366,5.834,11.959,1622.369,1625.316,1
62.587,2.494,6.635,15.893,1638.399,1760.233,0
56.853,2.459,5.650,11.355,659.470,1763.432,0
64.239,3.169,5.948,13.599,598.965,1843.562,0
54.016,2.028,6.719,14.016,535.369,1740.361,0
66.048,2.616,5.416,13.817,1517.567,1720.498,0
67.725,1.943,5.775,13.592,1148.834,1712.473,0
63.496,2.394,6.104,12.498,878.200,1693.284,0
57.765,2.878,6.040,14.439,1860.085,1700.104,0
59.802,3.108,5.458,13.349,1916.935,1745.892,0
66.933,1.607,5.741,13.576,600.227,1848.213,0
62.265,1.828,6.000,14.306,940.376,1685.057,0
65.780,2.225,6.170,15.891,868.455,1734.683,0
65.446,1.563,5.866,11.868,1356.823,1885.798,0
60.859,1.833,5.453,13.422,1197.620,1697.236,0
60.785,1.407,5.831,15.050,0.009,1766.673,0
52.555,1.580,6.499,12.280,736.930,1737.347,0
56.523,2.612,5.675,15.511,1941.214,1786.393,0
62.204,1.930,6.498,11.645,1288.770,1665.783,0
69.945,2.184,5.651,15.175,330.938,1771.853,0
58.676,2.129,5.864,10.752,56.659,1851.870,0
61.419,2.129,6.095,12.891,1662.850,1817.331,0
54.850,1.875,5.920,13.600,630.144,1692.003,0
56.451,1.387,6.455,15.121,1794.567,1710.380,0
55.919,1.623,6.251,15.310,602.399,1840.305,0
60.809,3.023,5.887,13.836,1170.246,1726.264,0
57.153,2.383,7.089,13.595,1401.048,1810.720,0
54.927,2.950,6.097,13.759,1619.284,1755.107,0
64.576,2.492,5.340,17.230,883.974,1703.670,0
60.613,1.760,6.227,14.286,1412.568,1638.465,0
61.714,2.088,6.688,11.971,1399.792,1868.456,0
53.558,1.637,6.111,15.459,1334.830,1813.039,0
67.459,3.037,5.219,14.172,716.846,1803.914,0
82.439,2.384,4.774,22.818,1439.820,1716.725,1
70.728,4.790,5.155,17.052,1841.359,1670.364,1
65.514,1.874,5.913,14.327,1581.778,1647.720,0
69.739,3.178,5.832,14.834,704.812,1836.707,0
63.118,2.059,5.486,14.927,1402.413,1716.938,0
58.178,0.690,6.018,12.929,973.737,1720.256,0
66.343,2.063,7.124,14.965,346.218,1769.304,0
85.534,1.947,5.957,22.987,1503.680,1700.264,1
65.359,2.126,6.468,14.632,1884.247,1767.530,0
63.846,1.977,5.563,14.930,613.180,1777.742,0
71.546,7.717,6.809,17.951,2022.622,1695.302,1
60.235,2.352,6.284,14.076,466.855,1718.003,0
75.373,2.504,6.247,12.613,1680.832,1808.674,0
55.867,1.790,5.601,15.046,665.854,1812.487,0
65.458,2.187,5.770,14.642,1580.078,1726.921,0
69.247,2.482,6.431,13.328,1892.618,1766.607,0
58.482,1.603,6.301,13.999,1174.635,1578.219,0
64.237,1.740,6.181,13.226,666.321,1776.797,0
62.787,2.596,6.244,16.862,1303.177,1642.601,0
62.414,2.068,5.933,14.446,814.721,1863.415,0
57.421,1.597,6.787,14.171,1158.549,1729.731,0
58.728,2.175,5.636,14.538,146.877,1798.619,0
61.510,1.865,6.368,16.088,1610.891,1693.420,0
63.050,2.667,6.048,12.359,1007.155,1831.072,0
56.314,0.960,5.787,11.708,1085.268,1808.174,0
62.716,2.272,5.458,14.241,4.609,1684.187,0
64.373,2.963,5.318,14.544,1964.779,1735.449,0
68.990,2.581,5.540,14.239,564.358,1752.075,0
65.077,2.304,5.756,15.177,1938.436,1707.653,0
69.483,6.425,6.012,13.636,2429.867,1548.882,1
99.161,2.996,5.344,17.149,827.412,1695.671,1
61.859,2.525,6.476,11.017,574.318,1771.470,0
61.334,2.721,5.902,13.043,547.701,1803.925,0
59.130,1.778,5.208,14.402,1517.424,1710.942,0
59.608,1.599,5.840,14.193,1365.635,1732.999,0
69.235,2.570,6.258,16.424,883.932,1729.399,0
70.682,2.471,5.692,13.142,1997.072,1780.915,0
67.967,2.536,5.417,12.456,1986.772,1751.763,0
57.505,2.182,6.055,12.157,1707.043,1797.976,0
64.132,1.848,6.407,11.927,1411.512,1785.575,0
55.476,1.565,5.537,12.657,424.759,1707.954,0
58.722,2.386,6.156,13.536,625.038,1778.844,0
60.978,1.860,6.271,15.078,555.805,1876.806,0
64.335,2.433,6.381,14.375,922.221,1695.943,0
57.437,2.025,4.748,13.155,862.534,1730.141,0
63.361,1.899,6.344,15.380,970.769,1674.381,0
56.411,2.055,5.254,14.995,744.230,1716.812,0
61.745,1.773,6.230,12.909,394.420,1697.422,0
65.011,2.489,5.179,14.970,1750.686,1749.481,0
57.921,2.112,6.593,10.543,939.686,1835.760,0
64.250,2.027,7.382,14.141,410.843,1779.979,0
59.946,1.388,5.923,14.402,1819.912,1671.370,0
63.613,2.941,4.850,12.660,1350.028,1844.747,0
65.831,1.945,5.733,15.411,1324.215,1779.800,0
64.278,2.581,6.061,14.693,1707.364,1629.292,0
66.229,1.101,5.909,13.691,1492.677,1731.193,0
71.497,2.219,5.526,14.881,1167.024,1719.578,0
66.835,2.850,6.307,13.795,1142.136,1750.654,0
73.170,2.810,5.839,16.575,251.193,1658.318,0
60.059,2.256,6.806,16.014,1017.632,1727.137,0
58.240,1.608,6.509,13.359,909.267,1816.267,0
53.139,1.353,5.800,13.441,479.843,1707.989,0
64.583,1.934,6.236,17.685,813.207,1776.981,0
64.286,2.412,6.055,12.132,1425.466,1638.979,0
62.493,2.064,5.586,14.633,1862.416,1764.392,0
66.968,2.858,5.786,14.239,965.579,1666.561,0
70.947,1.615,5.023,14.475,32.376,1792.466,0
62.320,1.111,5.263,14.662,256.220,1693.472,0
64.063,2.348,6.782,12.787,1376.369,1856.382,0
62.143,2.052,5.830,12.854,1926.765,1789.373,0
56.542,1.156,6.191,16.127,1804.344,1687.381,0
64.541,2.164,6.056,15.727,36.674,1762.675,0
62.432,2.590,6.692,14.654,155.322,1788.643,0
63.729,2.432,5.660,14.593,922.959,1742.161,0
56.109,2.489,5.714,14.157,1291.604,1732.214,0
61.051,1.776,5.936,16.122,122.357,1798.536,0
64.652,2.630,6.318,16.764,635.077,1719.513,0
73.980,3.962,6.141,16.155,1819.540,1795.551,0
94.132,3.651,4.877,19.774,1293.832,1722.873,1
66.096,2.808,5.943,11.203,1609.374,1902.261,0
62.066,2.209,5.414,12.719,1889.965,1775.771,0
52.802,2.010,6.296,11.566,227.833,1831.620,0
61.889,1.945,5.994,10.952,1256.124,1730.307,0
72.197,8.212,5.447,13.697,2360.364,1738.794,1
62.016,2.165,5.540,15.873,1133.789,1780.122,0
63.012,2.188,5.518,14.474,976.003,1772.312,0
63.919,1.758,6.157,15.916,281.208,1672.598,0
63.349,1.796,6.626,14.040,1129.231,1809.131,0
62.992,2.620,5.517,16.461,1952.762,1763.129,0
62.246,2.241,6.029,14.543,458.716,1783.150,0
65.556,2.422,6.021,14.168,1919.833,1853.114,0
55.293,2.618,6.229,13.112,475.260,1752.405,0
70.685,2.060,5.574,12.309,1060.535,1671.244,0
67.044,1.374,5.656,14.153,971.852,1793.672,0
51.328,2.005,5.983,13.713,977.486,1801.970,0
69.404,2.308,5.617,13.176,202.695,1605.347,0
59.429,1.622,6.911,12.635,612.493,1716.359,0
67.598,2.994,5.610,16.025,1631.546,1699.819,0
58.094,1.525,5.954,14.164,768.579,1805.027,0
56.200,2.107,5.585,12.999,105.359,1753.636,0
57.010,1.518,5.987,12.808,617.148,1857.811,0
60.185,1.093,6.327,15.877,1614.805,1757.664,0
62.182,1.723,6.870,17.034,1547.931,1670.678,0
57.615,1.656,6.856,14.227,49.389,1779.443,0
93.269,3.650,5.614,21.679,1065.889,1792.870,1
54.732,1.694,5.957,11.374,1386.773,1756.697,0
62.395,2.352,6.536,11.437,1537.256,1756.421,0
61.154,2.775,5.824,10.431,405.354,1786.359,0
58.152,1.810,5.387,14.578,223.712,1772.721,0
68.506,2.628,5.943,16.278,1470.944,1763.460,0
61.467,2.287,6.577,15.122,1707.692,1821.278,0
59.119,2.538,5.980,13.253,120.775,1718.318,0
57.326,2.449,5.293,14.380,349.571,1818.226,0
65.193,2.677,6.094,15.126,1396.857,1757.941,0
80.281,3.537,5.678,18.563,1103.946,1747.797,1
60.442,2.318,5.533,14.836,931.929,1752.353,0
61.925,1.968,5.948,10.741,256.638,1686.970,0
63.854,2.184,6.812,15.283,1680.710,1660.993,0
67.674,8.932,4.759,12.798,1579.017,1529.526,1
65.424,2.327,5.190,14.321,281.093,1749.940,0
69.377,2.137,6.839,14.474,1582.943,1715.099,0
65.437,2.595,5.790,17.389,1202.009,1798.295,0
53.498,2.033,5.529,12.529,739.396,1642.487,0
56.417,2.606,6.587,12.511,699.309,1769.208,0
57.282,1.999,6.783,14.518,866.225,1772.971,0
68.424,2.862,6.038,15.009,1614.921,1833.305,0
63.692,2.370,6.126,15.433,1622.775,1737.078,0
57.113,1.693,5.995,14.727,1659.151,1731.506,0
65.714,1.952,6.220,14.270,62.664,1689.494,0
58.520,2.456,6.938,14.713,904.886,1769.902,0
64.663,3.337,6.141,15.460,1723.263,1644.135,0
57.433,1.838,5.878,14.480,522.171,1735.928,0
59.995,1.723,5.736,14.627,47.304,1725.273,0
61.759,2.468,5.465,13.384,465.146,1738.277,0
60.100,2.840,6.463,12.388,901.631,1868.045,0
62.765,2.444,5.154,15.391,316.733,1805.831,0
68.974,2.692,5.652,13.860,980.221,1797.202,0
61.230,1.538,5.439,14.080,408.683,1841.776,0
80.391,3.407,5.467,18.079,1973.341,1596.497,1
65.659,2.277,6.278,14.664,1042.656,1790.492,0
60.471,2.415,6.164,11.900,966.845,1776.326,0
61.700,2.158,6.146,14.251,785.120,1807.328,0
63.733,2.849,7.530,13.142,1192.700,1634.500,0
63.249,1.559,5.833,15.178,495.478,1766.379,0
63.054,2.691,5.802,12.762,1220.725,1751.955,0
62.614,1.927,6.703,14.005,1983.560,1791.566,0
55.412,1.572,4.411,14.263,1778.826,1742.130,0
70.631,2.552,6.831,11.864,466.067,1754.689,0
64.243,1.613,5.963,13.345,159.025,1747.460,0
55.720,1.925,5.317,12.573,751.029,1784.053,0
64.747,3.048,5.938,13.806,314.896,1717.503,0
63.284,1.802,5.615,16.725,388.470,1776.885,0
60.420,1.229,5.893,14.701,1163.229,1762.878,0
69.371,1.903,4.810,13.163,1280.339,1692.033,0
63.549,1.563,5.318,16.438,732.459,1755.667,0
60.470,1.847,5.457,14.674,227.089,1670.598,0
69.537,2.332,5.252,12.951,7.727,1760.831,0
59.132,1.376,6.438,13.790,404.671,1693.738,0
64.232,2.406,5.843,13.961,770.651,1633.660,0
56.774,1.658,5.937,13.330,354.682,1729.264,0
59.834,2.120,5.867,11.861,682.971,1781.011,0
62.575,2.037,6.508,14.958,1962.097,1689.929,0
68.495,2.422,6.678,12.662,647.896,1748.788,0
63.730,2.367,7.521,14.279,1805.631,1730.822,0
59.382,2.564,5.901,15.391,1787.249,1698.402,0
65.375,1.859,6.342,15.111,1070.219,1703.280,0
65.244,1.644,6.717,15.151,878.024,1813.012,0
65.706,1.648,6.048,14.632,441.610,1773.497,0
53.523,1.873,6.386,13.400,1051.920,1550.912,0
68.327,2.762,5.969,13.212,294.646,1767.076,0
59.998,2.386,6.313,14.708,1218.363,1793.773,0
64.912,2.730,5.735,13.882,1342.179,1761.833,0
67.191,2.045,5.761,13.344,616.754,1785.933,0
62.062,2.230,6.326,13.281,1155.683,1745.869,0
54.701,2.449,6.095,14.037,1807.824,1723.300,0
50.821,1.183,5.943,12.478,300.124,1747.492,0
59.160,2.242,5.864,11.628,210.725,1780.365,0
64.619,5.125,5.571,14.058,1902.005,1621.562,1
62.406,1.700,6.401,12.760,619.693,1678.927,0
83.283,2.684,3.915,18.264,1513.004,1723.557,1
62.977,2.929,5.498,14.112,1152.333,1681.678,0
54.099,1.888,6.280,12.689,1550.921,1680.099,0
66.812,6.349,4.830,13.866,2393.878,1640.373,1
59.051,2.881,5.779,12.097,1999.279,1708.992,0
61.055,2.466,5.964,14.706,1135.597,1753.376,0
63.656,2.649,6.284,15.695,1227.631,1712.397,0
58.378,1.404,6.137,16.227,230.813,1678.726,0
64.454,2.506,5.504,14.724,48.404,1706.704,0
70.423,2.238,6.778,16.839,1830.200,1640.193,0
61.137,1.880,5.759,14.482,849.115,1708.329,0
74.814,7.838,5.750,15.864,2028.614,1839.116,1
63.234,2.826,5.301,13.418,15.446,1769.277,0
58.013,2.218,6.062,16.171,1318.441,1746.412,0
59.277,1.401,5.463,13.706,0.470,1756.626,0
61.200,2.298,6.247,12.878,1066.269,1688.933,0
67.419,2.037,5.957,16.854,1770.901,1707.043,0
60.455,2.619,6.481,12.818,1774.116,1731.233,0
72.834,2.514,5.381,14.746,1663.991,1812.252,0
62.882,2.423,6.308,12.870,1724.689,1862.731,0
63.920,1.218,5.367,12.405,503.799,1741.178,0
67.837,1.344,5.682,13.301,1397.832,1813.078,0
62.206,1.865,5.407,14.608,1417.556,1717.947,0
67.126,2.050,5.955,14.888,1905.879,1829.278,0
70.495,2.057,5.655,13.650,1744.402,1816.607,0
66.004,2.481,5.281,15.973,214.805,1662.885,0
59.340,1.637,6.064,12.292,232.127,1687.849,0
61.409,2.422,5.778,14.043,1288.938,1657.779,0
63.003,2.296,5.118,14.706,153.127,1745.761,0
54.035,2.274,6.367,14.475,234.917,1755.465,0
62.449,2.681,5.502,14.248,888.704,1877.626,0
62.985,2.060,5.561,15.501,1070.039,1775.811,0
62.604,2.537,5.896,15.424,897.934,1737.202,0
66.575,2.201,5.637,10.666,1643.757,1720.543,0
63.196,1.720,5.347,14.498,325.091,1830.898,0
66.827,1.825,5.861,14.734,1088.585,1794.556,0
59.905,1.399,6.270,11.002,1915.784,1727.305,0
65.162,2.184,6.391,13.861,1811.842,1813.896,0
64.563,2.182,6.515,13.523,548.192,1752.556,0
58.038,1.969,6.494,12.941,1141.933,1664.553,0
65.796,2.157,5.690,14.645,19.046,1676.850,0
58.103,1.962,6.092,14.566,375.406,1784.024,0
59.626,2.682,5.983,13.053,1955.188,1658.026,0
67.613,8.083,5.841,13.301,2579.569,1537.936,1
61.320,1.704,6.542,12.191,248.932,1758.981,0
55.005,2.058,6.523,13.680,531.851,1742.334,0
70.595,2.452,5.631,14.738,1341.910,1618.061,0
52.985,1.849,5.628,14.357,1213.632,1698.820,0
56.032,1.998,6.081,14.204,114.770,1816.285,0
62.196,1.941,5.646,10.911,1264.472,1796.370,0
67.679,2.131,6.835,15.249,871.450,1740.034,0
55.155,1.990,5.586,14.706,382.704,1861.110,0
53.921,1.510,5.963,12.268,225.949,1696.861,0
64.852,2.546,6.356,14.532,647.713,1789.755,0
55.611,2.100,6.320,11.681,582.236,1787.302,0
59.750,1.447,6.228,13.252,457.908,1817.798,0
69.665,2.489,6.162,13.500,1736.416,1768.001,0
61.737,2.001,6.251,12.234,519.471,1611.617,0
65.842,0.966,6.092,11.516,1782.964,1801.975,0
65.104,2.884,7.063,10.932,65.603,1756.260,0
56.511,2.004,6.181,14.818,940.262,1850.654,0
63.555,0.800,6.012,14.263,863.877,1714.651,0
62.194,2.366,6.220,13.149,1174.479,1739.453,0
58.516,1.470,5.571,16.815,529.239,1738.280,0
67.588,7.563,5.642,14.614,2052.404,1553.622,1
61.701,2.970,6.139,16.442,429.616,1732.250,0
69.258,2.016,4.896,14.611,283.058,1724.099,0
59.598,2.464,5.701,15.622,607.346,1741.447,0
58.954,1.753,6.183,12.201,598.351,1719.153,0
59.569,1.797,5.514,12.931,1235.148,1723.938,0
71.045,2.030,5.574,14.532,1157.727,1777.183,0
55.643,1.845,6.646,15.109,1155.690,1662.404,0
60.180,2.520,6.147,13.032,1706.710,1769.022,0
58.674,1.153,7.102,13.281,645.590,1721.835,0
59.319,2.196,6.711,12.636,1107.509,1728.706,0
65.148,3.307,5.076,15.111,1899.040,1645.825,0
55.483,1.824,5.954,14.177,1634.350,1752.740,0
57.990,2.538,5.342,15.869,1945.324,1689.256,0
66.463,2.017,5.033,13.670,1160.255,1780.608,0
61.933,2.377,5.915,13.653,218.817,1726.967,0
65.643,2.202,6.471,13.792,1922.952,1782.095,0
57.706,0.936,6.130,13.970,535.819,1702.785,0
58.812,1.625,6.274,13.438,9.683,1827.811,0
54.064,1.796,5.576,12.531,1039.785,1731.166,0
58.437,2.450,6.304,13.340,1352.887,1668.311,0
62.964,2.602,6.381,14.040,1745.859,1849.732,0
67.006,1.396,5.920,12.733,1648.321,1742.993,0
64.959,1.839,6.297,12.195,1172.695,1774.360,0
65.369,2.312,6.050,11.063,1497.544,1838.624,0
60.630,2.198,6.248,14.694,1331.811,1754.836,0
61.040,2.184,6.185,13.434,1652.902,1656.799,0
53.765,1.822,5.739,13.921,541.517,1768.246,0
64.394,1.938,6.381,12.161,1558.568,1760.811,0
63.689,2.232,6.033,14.523,822.039,1835.300,0
61.621,1.627,6.155,14.665,217.003,1681.789,0
68.256,1.671,5.996,14.546,1914.641,1779.942,0
66.323,2.584,6.897,16.828,439.056,1775.242,0
54.300,1.736,6.671,13.995,1287.371,1760.266,0
68.376,1.887,6.118,15.662,1673.582,1784.625,0
63.416,1.589,5.937,13.228,1468.962,1648.752,0
56.784,2.505,5.984,11.044,1580.163,1715.617,0
57.012,1.279,5.379,18.375,1399.126,1858.705,0
64.875,2.436,5.606,16.676,927.409,1690.501,0
66.136,2.930,7.277,17.617,714.147,1821.944,0
54.988,1.404,5.800,11.642,1906.237,1701.332,0
66.978,2.326,5.786,13.627,1657.104,1830.953,0
54.728,2.086,6.409,15.188,1143.294,1760.292,0
60.687,2.494,6.342,14.454,4.677,1825.770,0
59.843,1.799,6.692,18.320,1540.782,1761.405,0
63.187,1.930,6.182,13.934,453.827,1674.148,0
63.454,2.559,5.345,16.245,1420.807,1674.631,0
61.490,2.751,6.560,14.805,1473.571,1779.660,0
69.519,1.177,5.812,15.532,481.941,1643.360,0
84.264,2.919,5.331,19.199,1073.723,1599.365,1
60.922,1.904,6.091,11.313,1531.644,1770.338,0
59.677,1.666,5.737,12.503,1316.037,1673.930,0
62.968,2.154,7.273,15.197,1416.475,1677.303,0
49.949,1.993,5.922,12.734,1039.809,1832.565,0
65.483,2.332,5.693,12.698,1961.911,1693.980,0
61.749,1.933,6.223,13.019,1601.181,1711.144,0
56.602,2.652,5.418,13.488,239.805,1746.324,0
72.643,2.713,6.186,13.877,1919.681,1767.183,0
60.191,1.320,6.270,16.482,411.008,1688.113,0
65.490,3.598,5.935,13.890,846.186,1744.031,0
65.457,2.368,5.513,11.874,311.360,1795.484,0
86.889,3.283,4.243,17.960,1992.880,1553.419,1
62.448,3.031,5.856,15.251,1149.467,1774.668,0
55.699,1.917,5.411,12.379,847.907,1801.298,0
63.374,1.869,6.743,15.058,1363.598,1821.793,0
65.283,3.170,6.633,15.268,958.529,1736.307,0
65.367,2.465,5.747,14.356,184.750,1707.749,0
62.378,2.412,6.820,10.375,583.595,1752.434,0
59.549,2.792,5.990,16.768,1127.143,1803.176,0
57.276,1.938,5.743,14.198,54.132,1693.786,0
68.313,2.722,6.376,14.325,632.452,1797.980,0
56.064,1.860,5.736,13.031,839.774,1753.799,0
63.311,2.391,5.280,14.947,1174.648,1799.401,0
54.291,1.160,6.208,14.718,1723.585,1746.639,0
57.858,1.047,5.571,13.742,1350.315,1741.405,0
62.357,2.651,6.270,16.052,657.475,1813.029,0
57.985,1.334,5.846,11.864,122.399,1725.215,0
83.990,2.810,5.299,18.807,1443.258,1642.190,1
54.136,2.249,5.959,12.083,799.165,1748.620,0
62.504,2.657,6.187,16.602,900.767,1656.617,0
57.799,2.371,6.430,14.475,525.850,1804.928,0
56.286,2.414,5.880,15.436,974.809,1713.363,0
65.750,1.673,5.893,14.357,1222.962,1680.198,0
66.034,2.083,6.303,15.454,202.871,1721.775,0
57.373,2.100,4.562,15.940,720.229,1834.652,0
59.157,2.360,5.877,16.076,724.134,1752.187,0
54.825,1.298,6.334,15.860,101.447,1784.362,0
62.394,2.026,5.960,13.628,1461.095,1786.781,0
61.627,1.449,6.193,18.669,1715.067,1653.290,0
68.937,3.573,5.700,14.677,1581.142,1717.933,0
67.369,1.954,6.450,14.166,1281.596,1680.799,0
61.484,1.846,7.023,12.120,1504.372,1795.538,0
84.241,4.418,5.357,17.139,1485.076,1772.342,1
59.246,2.600,6.139,13.799,14.060,1804.464,0
63.973,6.005,5.349,15.565,2583.509,1500.866,1
54.973,1.252,6.712,14.385,517.193,1780.788,0
66.049,1.950,6.121,12.409,720.499,1867.756,0
62.526,1.998,4.890,13.649,1410.595,1705.575,0
63.541,2.142,5.755,14.031,626.664,1736.528,0
63.130,1.891,5.768,13.212,676.924,1691.253,0
58.779,1.772,6.119,15.749,1598.158,1771.797,0
57.496,2.126,5.248,14.269,536.448,1611.492,0
53.475,2.748,6.163,14.407,1691.572,1665.145,0
68.004,2.552,5.711,15.935,37.707,1725.875,0
57.676,0.863,5.191,14.304,718.883,1744.406,0
68.204,2.346,5.769,15.151,1158.806,1762.180,0
63.796,2.182,5.911,11.662,203.575,1677.524,0
63.198,2.811,6.249,16.716,1601.382,1825.251,0
65.409,2.190,5.755,14.648,748.502,1807.937,0
50.531,0.606,5.494,13.339,305.298,1751.139,0
53.333,1.625,5.245,10.450,685.826,1788.216,0
69.703,3.426,5.458,15.370,276.597,1726.536,0
64.291,2.173,6.440,14.271,1945.066,1730.965,0
72.115,2.748,5.108,14.891,379.844,1765.490,0
60.515,3.154,6.017,13.456,1052.231,1848.026,0
55.405,2.146,5.459,13.262,710.311,1672.509,0
67.609,1.525,6.261,13.182,369.991,1739.911,0
67.304,2.169,5.223,15.623,217.383,1838.780,0
60.267,2.853,5.703,13.004,707.078,1730.602,0
61.789,2.255,6.191,15.226,431.324,1771.573,0
61.902,1.925,6.031,14.822,773.691,1701.811,0
58.291,1.926,6.398,13.841,944.269,1687.969,0
67.835,2.029,6.056,13.942,645.632,1624.226,0
65.549,3.060,5.646,15.246,765.914,1763.828,0
68.519,3.348,6.529,15.539,1570.009,1825.572,0
80.696,2.946,5.447,19.699,1129.946,1823.650,1
57.357,2.449,5.316,16.745,1554.097,1740.178,0
62.210,1.855,5.575,13.201,1158.276,1745.169,0
62.874,2.561,5.913,15.661,801.382,1723.458,0
64.742,2.707,6.472,12.106,329.613,1800.840,0
57.450,1.010,4.916,14.289,855.510,1734.028,0
62.227,3.025,5.443,14.712,270.555,1793.567,0
67.432,2.264,5.557,14.200,1443.540,1748.676,0
54.771,1.997,6.438,14.827,1368.730,1750.775,0
50.454,1.383,5.772,12.351,1394.198,1758.223,0
53.257,1.012,6.404,13.469,244.836,1743.955,0
59.099,2.507,5.219,13.579,263.552,1745.622,0
66.517,3.238,6.425,13.748,16.745,1772.319,0
73.013,2.582,6.326,17.221,1654.951,1771.120,0
62.332,1.656,5.819,14.202,1964.356,1644.843,0
56.281,2.365,6.928,14.633,1429.509,1721.763,0
58.861,2.636,6.228,15.797,1875.532,1781.602,0
62.141,1.355,5.851,11.802,1310.474,1757.850,0
60.271,2.885,5.704,13.010,367.678,1659.443,0
65.116,2.505,5.728,15.410,1283.046,1788.207,0
64.784,1.518,5.455,12.771,1298.414,1748.429,0
65.906,2.415,6.252,16.864,1242.677,1739.727,0
57.152,2.514,6.688,14.639,192.823,1715.609,0
66.212,2.221,6.217,11.506,118.759,1785.677,0
59.577,2.258,6.732,15.558,486.569,1821.388,0
81.696,2.179,6.028,20.364,1350.996,1724.866,1
64.989,2.212,6.094,13.957,1398.471,1887.585,0
69.862,4.989,6.044,16.852,2516.582,1476.730,1
60.932,2.293,6.532,12.800,1212.545,1707.158,0
73.037,2.656,5.845,13.893,1995.306,1758.032,0
71.825,3.098,6.065,14.162,902.087,1719.607,0
66.363,2.979,6.173,13.427,751.868,1798.115,0
85.951,3.950,4.771,20.802,1395.080,1736.095,1
66.767,2.341,5.066,16.522,1127.839,1847.577,0
58.841,2.015,6.303,14.698,446.336,1687.138,0
65.019,1.366,6.021,13.503,958.420,1701.899,0
64.432,2.516,6.511,14.648,1442.410,1735.364,0
59.770,1.944,6.494,13.687,1268.372,1668.032,0
65.370,1.591,6.611,16.283,1234.530,1799.249,0
58.956,2.664,5.398,14.001,390.586,1683.011,0
60.871,2.477,5.413,15.840,863.008,1691.506,0
62.329,2.688,5.909,15.666,415.922,1645.656,0
60.993,2.100,5.726,14.476,795.964,1667.940,0
73.865,2.943,5.592,21.022,1773.122,1713.712,1
68.110,2.318,5.522,16.164,1963.058,1804.701,0
71.081,2.237,5.998,15.240,682.429,1837.242,0
50.428,1.973,5.798,13.470,1310.117,1735.977,0
63.399,1.771,5.383,13.074,797.881,1781.958,0
60.902,2.398,6.232,15.225,1370.740,1763.503,0
65.143,1.935,5.970,15.021,1085.938,1778.365,0
66.540,2.112,6.374,9.881,1949.019,1722.800,0
54.199,2.727,6.395,14.018,1613.237,1825.028,0
65.946,2.994,5.980,12.891,1923.664,1853.717,0
72.815,2.502,6.115,13.412,1169.888,1774.606,0
63.892,2.061,5.868,12.773,1919.719,1707.517,0
63.556,3.016,5.634,11.975,917.650,1746.927,0
58.272,2.364,6.645,13.469,827.002,1745.656,0
61.284,1.963,5.446,14.521,1715.228,1749.597,0
57.797,1.523,5.930,14.582,1919.069,1803.985,0
55.659,1.775,5.981,14.216,151.822,1853.584,0
57.956,1.829,5.776,13.356,1324.375,1815.173,0
59.489,1.772,7.047,15.551,54.377,1739.015,0
53.780,1.442,5.648,12.731,677.670,1653.769,0
57.488,1.752,6.413,14.004,1941.802,1715.583,0
60.999,1.716,6.316,12.860,344.026,1862.163,0
64.647,2.400,6.508,15.247,1345.204,1634.805,0
58.529,2.177,6.625,14.582,375.907,1774.412,0
62.556,2.028,6.718,14.391,881.811,1710.070,0
65.909,1.942,5.534,13.613,1554.498,1614.839,0
67.362,7.484,6.026,15.653,2276.373,1962.329,1
65.183,2.869,6.869,13.599,1703.094,1770.190,0
66.021,2.800,6.732,11.243,1328.138,1644.783,0
66.211,2.108,6.851,10.933,1022.600,1650.332,0
49.880,1.127,6.295,11.893,1077.450,1726.124,0
60.052,2.685,6.228,12.977,743.059,1679.456,0
57.120,2.123,6.054,13.746,118.444,1760.350,0
61.190,1.622,5.688,10.776,586.872,1732.897,0
63.175,2.289,5.295,12.733,357.730,1640.249,0
67.456,2.494,6.423,13.347,142.904,1707.854,0
63.344,3.189,6.262,12.693,188.398,1769.353,0
98.337,3.187,5.477,22.929,1758.633,1755.221,1
61.566,2.386,5.784,14.135,959.663,1646.665,0
59.912,2.412,6.330,12.883,365.278,1851.258,0
52.772,1.836,5.668,12.044,295.993,1709.906,0
65.695,1.743,5.439,15.522,1362.459,1880.132,0
63.715,2.143,6.302,14.252,55.282,1769.883,0
53.297,1.806,6.310,11.959,260.507,1683.594,0
58.937,1.929,6.548,13.572,443.404,1772.888,0
67.227,2.677,6.120,12.939,737.978,1657.385,0
67.360,1.732,5.603,16.135,1957.503,1788.911,0
57.791,2.026,6.356,14.791,146.300,1735.387,0
63.290,2.225,5.967,14.694,1675.249,1688.385,0
62.558,2.644,6.040,11.294,635.617,1794.578,0
57.570,1.772,6.160,13.439,61.672,1660.955,0
54.016,2.141,6.259,12.957,1347.527,1797.559,0
68.254,2.033,5.743,15.614,1772.670,1726.554,0
60.292,1.450,6.080,14.622,1899.090,1806.912,0
66.460,2.232,5.876,13.777,1816.473,1742.966,0
66.499,7.243,6.058,15.333,2295.227,1704.155,1
57.723,1.415,6.227,14.114,1336.438,1695.907,0
71.387,2.563,5.773,13.565,1867.830,1756.496,0
73.534,5.539,6.334,14.642,1706.978,1636.627,1
65.586,2.807,6.114,13.392,763.575,1692.860,0
64.858,2.596,6.415,13.158,1779.185,1770.171,0
69.687,2.596,5.970,14.201,1205.998,1821.830,0
64.417,2.258,6.951,16.759,1067.666,1796.325,0
63.781,2.457,4.986,13.910,1355.962,1854.747,0
66.550,3.013,5.553,13.173,203.463,1526.750,0
63.191,2.400,4.720,15.029,855.842,1746.438,0
62.239,1.580,6.677,13.814,1553.155,1750.310,0
69.837,2.450,6.443,15.531,1503.556,1749.986,0
58.049,1.617,6.438,13.257,459.754,1690.051,0
59.204,2.176,7.076,15.071,39.489,1764.756,0
68.492,1.918,6.298,16.799,910.596,1774.418,0
69.956,2.080,6.646,11.353,552.706,1783.167,0
65.934,2.118,6.196,14.473,1948.787,1713.358,0
65.740,2.746,6.849,13.488,1436.423,1668.129,0
66.085,1.564,6.535,14.266,1246.988,1771.563,0
58.777,2.061,6.843,11.125,1781.623,1689.632,0
69.079,2.210,5.219,13.516,1390.776,1713.925,0
57.283,2.497,6.487,14.667,1526.198,1808.416,0
73.304,2.587,5.148,14.106,219.252,1828.378,0
56.315,3.013,6.324,16.370,1708.973,1655.133,0
61.090,2.293,5.800,12.119,1348.916,1855.359,0
64.487,2.881,6.561,12.898,212.637,1791.581,0
60.049,2.050,4.923,13.387,911.781,1724.716,0
62.082,2.119,5.767,14.487,713.188,1674.204,0
61.262,2.559,5.997,13.393,408.934,1794.686,0
61.250,3.060,5.806,14.410,143.138,1617.406,0
64.177,2.079,6.578,13.263,861.561,1791.374,0
69.126,2.901,5.562,13.650,447.519,1761.083,0
56.208,1.998,5.938,15.266,274.803,1897.890,0
48.461,1.580,6.643,14.333,1281.469,1813.834,0
62.688,2.453,6.108,13.093,1946.966,1648.746,0
65.556,1.523,6.215,13.325,611.807,1758.604,0
62.063,2.209,5.241,13.095,1305.964,1640.271,0
65.251,2.615,6.175,13.922,1890.704,1724.448,0
64.386,1.855,6.544,14.721,1145.519,1737.549,0
55.312,2.303,6.591,14.794,1867.667,1757.527,0
54.006,1.827,6.359,12.128,1174.963,1698.599,0
58.067,2.806,5.296,11.107,802.742,1663.860,0
63.134,1.911,5.537,13.541,1233.765,1760.542,0
51.002,2.079,7.077,14.490,892.494,1713.853,0
58.839,2.844,6.438,12.270,1315.404,1745.285,0
66.778,3.179,6.090,13.798,1439.950,1791.677,0
63.315,2.521,6.099,17.346,825.645,1739.881,0
64.499,3.218,5.370,13.945,1287.365,1688.034,0
58.212,1.938,5.792,13.137,257.871,1721.270,0
68.741,1.983,5.595,14.382,189.528,1775.353,0
61.437,1.993,6.064,13.517,997.354,1719.965,0
56.494,2.008,6.569,13.761,1366.788,1749.537,0
69.845,2.660,5.823,13.002,1383.022,1701.270,0
56.733,2.536,6.580,13.325,859.986,1623.655,0
66.153,1.297,6.527,14.083,72.987,1691.390,0
68.827,1.557,5.773,12.528,247.820,1816.233,0
58.615,1.133,5.935,16.552,326.093,1753.829,0
62.927,2.270,6.030,15.794,625.207,1678.703,0
63.910,2.207,5.321,16.110,26.463,1807.039,0
64.416,2.213,5.715,15.573,1960.255,1816.956,0
61.987,2.169,6.102,14.349,1635.286,1740.529,0
57.768,2.478,7.027,12.358,1779.764,1711.708,0
63.568,2.615,6.447,14.722,1608.942,1754.278,0
63.541,2.932,6.595,14.204,684.509,1691.273,0
70.923,3.380,6.399,15.455,339.568,1852.052,0
67.473,1.290,5.456,13.326,1547.595,1766.486,0
63.651,2.372,7.040,13.675,1653.852,1767.689,0
57.996,1.533,6.882,12.256,1966.496,1704.788,0
51.606,2.502,5.787,10.833,1166.427,1784.752,0
64.018,2.491,5.365,10.235,265.987,1693.498,0
71.164,2.899,6.534,14.843,787.324,1778.362,0
64.118,2.099,5.958,13.102,1982.588,1809.638,0
60.699,1.875,5.968,14.536,1369.500,1720.146,0
65.352,1.904,6.186,14.617,1581.585,1800.416,0
58.651,2.348,6.726,14.657,1549.584,1800.954,0
61.569,2.094,6.212,15.455,651.032,1760.017,0
72.562,1.477,6.190,14.683,1268.216,1739.860,0
70.666,2.255,6.229,15.310,1744.807,1775.530,0
63.731,7.225,6.040,12.761,2133.476,1523.236,1
66.263,3.197,6.452,12.209,1122.486,1804.404,0
67.681,3.364,6.080,13.464,392.937,1820.503,0
57.046,1.764,5.943,13.917,1081.362,1765.251,0
62.824,2.875,5.785,12.004,212.117,1690.714,0
66.422,0.708,5.703,10.958,715.220,1662.077,0
62.163,1.552,5.822,14.889,1796.476,1756.279,0
52.792,2.254,5.576,15.383,1486.116,1779.106,0
61.601,1.600,5.848,12.170,974.675,1736.594,0
64.652,2.821,5.654,12.904,1326.708,1650.309,0
66.499,2.162,5.309,16.031,1555.279,1783.345,0
64.138,2.654,5.507,12.629,7.484,1737.738,0
70.531,3.339,6.782,13.569,1987.042,1793.372,0
57.545,1.546,6.480,15.945,358.972,1745.971,0
63.147,2.723,5.690,14.961,502.832,1705.349,0
58.472,2.928,6.171,14.140,1632.329,1745.286,0
62.800,2.460,6.111,12.688,1694.351,1839.469,0
59.381,2.287,6.062,15.307,161.763,1721.816,0
60.044,2.083,5.581,15.589,1366.465,1762.914,0
55.374,2.691,6.041,12.450,505.755,1759.379,0
62.300,1.801,6.519,15.153,1279.286,1722.326,0
68.121,1.836,5.926,16.361,57.324,1759.119,0
59.153,1.641,6.387,14.095,1035.370,1807.851,0
54.824,2.253,5.313,13.515,318.564,1765.353,0
68.697,2.944,6.446,17.360,189.384,1760.515,0
60.149,1.654,6.421,12.810,97.977,1729.086,0
64.909,1.916,6.147,16.331,1465.778,1674.183,0
56.871,1.286,5.556,14.934,665.680,1693.053,0
50.268,0.891,5.532,15.284,1037.487,1736.832,0
62.441,2.314,6.031,12.414,1594.182,1762.083,0
66.071,2.466,5.075,13.135,228.131,1726.164,0
55.765,0.809,6.597,14.800,1852.693,1695.443,0
61.377,1.928,5.619,12.610,1679.531,1781.631,0
49.756,1.514,6.589,11.474,456.904,1761.089,0
65.594,2.408,5.363,13.638,1158.379,1742.295,0
60.178,2.687,5.386,15.285,1394.289,1682.927,0
69.308,3.112,4.891,16.785,438.476,1801.681,0
57.927,1.792,5.815,14.258,1249.485,1750.678,0
58.906,1.477,6.521,12.713,267.268,1766.718,0
59.299,2.168,6.362,11.698,1829.298,1697.568,0
70.314,2.423,6.064,14.123,1913.188,1672.986,0
60.488,2.129,6.385,13.487,735.388,1734.924,0
62.939,2.540,5.359,14.022,901.026,1696.907,0
61.553,1.803,5.944,14.640,1232.376,1815.897,0
59.167,1.223,5.730,11.708,797.760,1695.187,0
64.340,1.908,6.484,12.031,581.253,1734.750,0
70.229,2.319,6.971,11.254,606.455,1675.981,0
63.139,2.318,6.471,13.238,150.018,1713.372,0
55.238,1.333,6.006,12.804,469.700,1734.276,0
54.471,1.448,5.255,15.248,364.906,1756.302,0
72.787,2.978,6.406,15.339,1023.966,1742.983,0
54.248,1.842,4.967,14.311,900.944,1753.734,0
65.078,2.727,6.029,12.875,823.106,1736.632,0
63.612,2.914,6.456,14.551,996.897,1786.191,0
61.273,2.576,6.276,16.068,159.746,1709.148,0
67.847,2.281,6.595,13.151,1510.767,1836.409,0
65.704,2.744,5.275,16.128,722.879,1689.202,0
64.017,1.515,5.590,13.787,1137.027,1779.615,0
63.534,2.332,6.566,12.847,992.885,1588.831,0
75.813,3.071,6.230,14.435,1629.982,1766.026,0
90.349,3.172,5.341,21.026,1571.621,1805.309,1
53.925,2.004,5.680,11.379,1000.995,1791.860,0
66.363,1.760,5.001,15.224,141.831,1784.073,0
65.654,1.706,5.796,15.521,1516.152,1638.124,0
64.569,2.213,7.246,14.593,618.010,1759.996,0
60.952,2.554,6.035,12.756,715.347,1794.242,0
68.656,1.843,5.639,11.654,1135.085,1779.904,0
65.870,2.228,6.410,16.484,1066.622,1800.167,0
60.958,1.751,5.533,17.251,783.207,1718.337,0
64.539,2.703,5.798,14.136,1688.060,1775.016,0
62.052,2.454,6.154,13.964,563.757,1768.952,0
88.037,5.117,5.147,18.695,1460.371,1680.492,1
63.618,2.154,6.407,14.908,461.311,1699.220,0
64.743,2.365,5.950,13.497,1097.517,1835.304,0
65.456,2.370,5.390,14.326,764.624,1747.619,0
50.700,2.745,5.249,14.532,1635.984,1783.297,0
69.491,3.245,6.164,12.890,1525.220,1777.376,0
63.244,2.065,5.807,14.415,641.362,1748.366,0
66.280,2.274,6.168,13.094,558.657,1768.799,0
59.488,1.637,6.048,13.339,1033.645,1717.756,0
53.975,2.552,6.176,14.417,1225.325,1737.981,0
58.987,1.615,4.618,14.573,1875.690,1722.566,0
65.846,2.228,6.186,15.704,1342.794,1681.716,0
58.740,2.489,5.921,14.318,1043.319,1823.168,0
59.955,2.509,6.257,12.312,92.530,1771.277,0
67.904,2.706,6.110,15.518,499.382,1711.588,0
64.697,2.365,6.034,17.944,1187.159,1633.869,0
62.294,2.417,6.023,11.505,1282.581,1790.820,0
65.153,2.490,6.697,13.986,1391.409,1661.724,0
57.972,1.994,6.128,15.039,214.525,1750.676,0
70.808,3.215,6.396,13.934,294.539,1751.461,0
59.409,2.308,5.716,13.123,1593.449,1652.557,0
52.312,1.827,5.786,14.341,299.115,1753.328,0
58.376,1.976,6.506,16.858,1678.816,1726.862,0
60.690,2.922,6.530,13.751,1944.581,1788.376,0
62.717,2.309,5.879,12.746,247.361,1687.229,0
68.177,2.964,5.341,14.935,149.398,1708.539,0
67.156,2.300,5.949,15.400,672.933,1885.752,0
60.881,2.238,6.233,13.775,207.367,1746.270,0
66.210,2.379,5.225,15.776,409.780,1773.887,0
59.062,2.240,5.774,14.116,101.964,1820.428,0
60.175,3.679,5.969,12.423,972.396,1769.949,0
53.532,1.831,5.989,12.677,300.130,1691.979,0
60.544,1.855,4.799,13.099,1027.867,1790.985,0
62.386,1.574,5.839,13.439,1750.198,1772.815,0
69.365,2.501,4.794,15.317,731.756,1700.219,0
61.774,2.186,6.526,14.541,274.135,1685.208,0
61.623,2.024,5.057,13.196,1272.278,1689.435,0
75.697,7.452,4.707,15.166,2346.980,1493.700,1
59.964,2.399,6.360,12.477,999.473,1775.468,0
56.547,2.153,5.349,15.524,1966.797,1757.052,0
63.085,3.326,6.120,15.023,1000.546,1878.250,0
61.367,2.409,5.849,10.217,310.014,1704.847,0
55.024,2.022,6.448,14.302,853.297,1622.974,0
67.122,1.333,6.912,14.835,424.093,1808.913,0
56.914,3.031,7.004,16.075,1111.983,1771.581,0
59.576,1.858,5.359,13.121,1922.576,1755.816,0
62.278,1.245,6.321,15.414,1924.939,1754.012,0
63.029,2.553,5.548,14.933,1888.545,1786.036,0
66.153,2.797,4.835,16.862,224.343,1684.639,0
57.943,1.091,6.712,11.623,1431.495,1808.059,0
52.377,1.755,6.691,14.404,342.285,1788.802,0
59.413,1.864,6.029,13.941,1159.408,1761.799,0
68.546,2.306,6.645,12.247,1320.951,1726.982,0
67.171,3.026,5.831,13.605,212.597,1732.863,0
64.542,2.482,5.735,14.544,34.794,1834.485,0
60.687,3.347,7.026,13.857,1442.988,1758.706,0
64.430,2.077,5.832,13.597,1996.456,1845.490,0
55.988,2.265,5.317,13.906,1367.967,1648.538,0
63.894,1.511,7.012,14.080,558.986,1715.187,0
57.162,0.947,6.158,12.800,1163.025,1803.923,0
61.431,2.062,5.960,13.856,1184.749,1729.621,0
57.431,2.059,5.939,12.605,1414.175,1619.589,0
58.521,2.045,6.554,11.812,547.220,1745.190,0
59.926,1.957,5.916,17.856,33.686,1687.113,0
60.914,2.663,5.790,16.131,345.721,1718.192,0
56.926,1.597,6.151,17.294,912.586,1669.460,0
66.010,2.290,6.280,13.961,1648.240,1790.912,0
56.773,1.716,6.327,12.690,421.342,1741.114,0
66.762,1.752,6.554,13.872,1215.829,1777.500,0
65.957,2.655,5.384,13.707,1337.423,1752.677,0
72.713,2.883,6.846,13.885,880.884,1781.550,0
65.211,2.871,6.586,12.956,1940.233,1780.275,0
68.676,3.136,5.981,13.762,1269.993,1743.178,0
61.726,2.174,6.448,14.149,474.315,1735.109,0
59.018,2.503,6.244,13.042,1583.145,1845.166,0
73.882,2.188,6.077,15.877,742.831,1663.726,0
65.148,2.281,5.548,13.536,160.428,1559.845,0
75.199,2.862,6.895,16.732,799.752,1743.082,0
56.464,1.967,6.177,14.530,1383.809,1891.321,0
68.264,1.467,5.261,14.101,965.132,1797.776,0
63.554,2.474,5.783,14.467,1494.745,1886.046,0
68.900,3.023,6.122,12.545,1732.169,1770.937,0
63.143,2.232,6.086,12.662,710.917,1824.245,0
60.894,2.440,6.466,13.579,742.409,1762.068,0
58.304,2.687,6.278,13.713,431.368,1734.496,0
63.926,2.411,5.369,12.435,903.949,1797.911,0
65.698,2.522,6.487,14.247,682.163,1819.054,0
55.406,2.318,6.345,14.428,1390.618,1801.878,0
58.794,3.095,6.218,13.522,766.721,1755.590,0
58.985,1.762,5.638,13.945,1909.086,1725.545,0
56.595,2.681,6.900,14.427,17.082,1628.471,0
66.852,1.596,5.889,14.185,1044.267,1675.825,0
60.453,2.533,7.138,13.537,1586.195,1828.443,0
60.139,2.822,6.475,15.983,1009.338,1752.487,0
58.838,2.230,5.883,11.729,1101.990,1650.724,0
54.853,2.118,5.111,13.239,1729.369,1710.567,0
55.602,1.179,5.886,12.894,1657.475,1701.318,0
63.862,2.306,6.024,15.907,983.278,1761.018,0
89.223,2.083,4.797,18.130,985.863,1726.443,1
66.191,1.569,6.171,17.773,751.658,1749.505,0
61.924,1.439,6.445,14.222,1655.634,1800.055,0
50.173,2.356,5.220,11.855,1336.044,1899.421,0
48.708,1.581,5.508,14.550,1716.243,1713.614,0
66.443,3.046,5.412,17.677,1619.563,1836.617,0
60.467,2.463,5.326,13.552,606.388,1825.678,0
61.041,2.137,6.088,12.947,772.210,1881.539,0
68.039,1.724,6.850,15.272,1425.533,1753.428,0
55.856,2.017,6.673,17.999,1853.247,1775.762,0
55.494,2.699,6.004,13.224,1493.213,1757.865,0
64.550,1.466,5.682,16.279,1937.309,1856.170,0
61.165,2.004,5.515,15.170,772.194,1703.344,0
70.429,2.816,6.479,15.380,1280.614,1735.892,0
68.338,2.684,6.047,13.275,1266.870,1669.421,0
68.279,2.832,5.749,14.704,1365.792,1605.315,0
55.188,2.253,5.569,12.962,1863.402,1816.262,0
68.823,1.608,5.940,13.710,872.567,1688.504,0
90.780,3.699,3.832,19.735,1466.435,1595.161,1
60.875,1.735,6.460,14.503,36.023,1699.379,0
67.274,2.553,6.303,14.201,515.895,1679.055,0
58.059,1.983,5.581,15.474,1512.758,1713.618,0
66.048,1.808,6.139,13.583,1841.802,1731.659,0
64.694,2.992,6.273,12.771,877.085,1800.745,0
60.136,2.578,6.201,12.342,1133.298,1794.138,0
65.419,2.759,6.461,15.434,216.727,1858.698,0
57.362,2.220,5.748,15.663,1184.981,1708.896,0
66.886,2.765,6.464,12.234,1528.932,1787.854,0
55.826,1.667,5.999,12.742,975.543,1788.372,0
57.026,2.445,5.560,11.642,1039.168,1700.377,0
56.987,1.211,6.111,13.223,668.426,1682.537,0
57.827,1.863,6.380,10.082,1094.926,1712.237,0
58.321,2.791,5.957,16.826,812.032,1774.899,0
62.689,2.198,6.477,14.563,739.505,1646.648,0
53.492,2.144,5.356,14.075,203.286,1813.578,0
67.271,2.190,5.124,15.010,876.468,1625.204,0
68.687,2.245,5.642,15.271,141.552,1758.172,0
59.209,2.874,6.118,13.299,1041.546,1703.644,0
64.381,3.263,6.016,14.690,1640.499,1727.064,0
55.270,1.981,6.394,12.254,1531.957,1683.305,0
69.440,1.893,5.515,16.241,615.387,1837.885,0
61.475,2.397,5.916,13.531,1832.249,1753.703,0
68.582,1.856,6.309,13.463,1728.337,1739.405,0
60.739,1.711,6.353,16.284,1738.248,1801.463,0
60.132,2.696,5.513,14.796,550.096,1770.942,0
65.048,2.241,6.106,13.796,1468.191,1679.782,0
59.157,2.433,6.145,14.817,393.570,1728.677,0
72.023,2.738,6.591,13.216,238.508,1790.980,0
62.446,3.173,7.161,15.360,488.534,1735.244,0
59.499,2.495,6.282,13.313,1205.083,1738.213,0
71.715,2.302,6.131,14.660,835.339,1842.899,0
63.024,2.051,5.914,16.188,1659.272,1623.051,0
56.475,2.792,5.500,11.460,1894.284,1805.776,0
65.264,2.560,5.764,13.578,351.974,1662.230,0
53.958,2.559,5.888,15.106,1455.440,1751.711,0
68.224,2.092,5.413,12.803,363.117,1734.719,0
60.255,2.277,5.702,12.013,1094.650,1752.647,0
63.240,0.894,6.146,10.288,656.045,1746.190,0
57.733,2.185,6.460,14.770,1431.575,1671.080,0
66.112,1.880,6.139,14.250,255.721,1801.734,0
59.052,2.125,6.249,11.889,1781.037,1765.296,0
62.362,2.810,6.677,16.760,232.714,1737.620,0
60.523,1.674,6.205,14.300,1040.244,1640.266,0
59.144,1.591,5.995,15.398,1427.223,1799.139,0
59.665,2.047,6.914,12.610,1870.621,1825.032,0
64.843,1.936,5.683,14.184,642.832,1735.118,0
69.092,3.041,5.714,16.202,46.689,1718.062,0
54.989,2.004,6.242,14.628,134.419,1724.000,0
60.976,0.531,5.364,14.240,1771.285,1776.686,0
65.157,2.241,5.596,16.838,1327.815,1767.135,0
61.627,3.323,6.256,14.429,915.220,1788.923,0
64.556,1.558,5.764,11.549,916.943,1790.014,0
61.729,3.355,6.528,12.239,1858.927,1692.903,0
60.402,1.318,6.129,14.140,1858.374,1681.238,0
66.317,2.149,5.410,13.342,99.386,1715.713,0
60.016,1.744,5.869,14.014,394.622,1697.335,0
59.650,2.662,6.434,11.306,1287.667,1707.020,0
54.408,1.779,6.555,12.288,1791.092,1821.156,0
58.211,1.057,6.156,12.159,204.666,1659.912,0
65.216,2.358,6.126,16.737,1973.071,1697.418,0
61.247,2.925,5.703,14.037,120.202,1776.496,0
60.495,2.189,6.314,13.626,1533.199,1810.550,0
61.905,2.325,5.688,14.478,1345.651,1720.271,0
57.571,2.553,6.467,12.559,811.679,1778.549,0
68.400,4.681,6.474,13.278,2175.659,1819.454,1
70.588,2.541,5.735,15.160,149.406,1801.525,0
64.827,2.239,6.056,16.844,1059.107,1740.288,0
62.125,0.647,5.652,14.413,80.155,1719.762,0
59.243,1.914,5.085,12.969,655.864,1718.738,0
63.714,2.766,5.447,13.908,1712.003,1722.825,0
59.012,2.638,6.404,16.025,1563.039,1886.995,0
60.848,1.825,6.280,12.771,1795.961,1764.201,0
67.897,2.859,6.237,14.437,513.927,1791.045,0
60.765,2.668,4.726,14.499,656.924,1688.734,0
63.420,1.882,5.858,13.943,176.262,1772.617,0
60.406,2.098,6.305,13.330,457.398,1787.532,0
67.099,2.719,5.930,16.626,350.150,1854.453,0
60.805,2.154,5.963,12.976,269.450,1710.436,0
63.858,2.097,6.158,13.451,464.384,1728.857,0
63.748,1.869,6.110,14.515,1642.133,1761.775,0
59.112,1.727,6.172,13.799,752.988,1808.772,0
61.001,1.585,5.572,13.360,534.981,1704.686,0
61.997,2.908,5.442,13.502,411.266,1745.135,0
64.671,2.379,6.098,13.240,1414.277,1730.322,0
64.266,1.731,5.231,11.666,1923.208,1689.751,0
60.879,3.346,7.115,11.653,191.782,1797.373,0
57.415,1.897,6.229,15.331,1586.363,1805.575,0
61.298,1.321,5.813,11.312,896.639,1689.309,0
84.554,4.057,6.032,20.709,2193.600,1665.276,1
65.351,2.427,6.491,15.777,528.399,1851.998,0
55.198,2.198,6.137,14.534,794.462,1633.866,0
85.807,4.019,4.947,17.298,1135.111,1761.264,1
62.417,2.808,5.310,14.572,1348.276,1809.600,0
58.168,2.246,5.923,14.258,482.340,1730.824,0
65.481,1.950,6.433,14.926,1173.326,1766.393,0
51.669,2.075,5.776,14.082,1192.259,1706.889,0
60.026,3.185,6.341,13.807,469.900,1753.089,0
59.347,2.795,6.642,13.199,681.092,1727.132,0
72.937,3.574,5.202,12.827,178.545,1682.009,0
63.163,2.972,5.536,14.859,1888.042,1684.280,0
52.473,1.853,5.155,13.761,1174.291,1680.193,0
63.476,2.747,6.194,15.729,532.029,1750.550,0
65.349,2.106,7.057,13.316,479.315,1801.455,0
54.955,0.980,5.705,15.575,733.471,1723.194,0
68.569,2.220,5.975,14.882,1048.407,1757.251,0
59.526,1.625,5.973,17.822,921.452,1686.452,0
62.565,2.230,6.169,15.004,224.172,1733.618,0
61.352,2.202,5.253,15.115,926.075,1688.320,0
59.429,2.294,5.447,13.526,930.142,1725.322,0
57.717,1.263,6.041,16.667,1025.776,1781.362,0
97.484,4.298,5.273,18.190,1363.206,1707.054,1
70.690,1.433,6.047,15.933,283.872,1775.128,0
61.759,1.743,5.886,14.356,1061.936,1755.079,0
59.241,3.021,6.044,13.063,605.684,1734.399,0
66.688,2.299,6.086,15.336,1018.771,1754.562,0
61.796,2.227,6.528,13.002,108.884,1822.997,0
67.496,2.258,5.986,17.475,1680.225,1719.263,0
59.839,2.799,6.749,15.171,79.897,1782.779,0
61.602,1.329,5.643,14.296,827.470,1773.439,0
60.735,1.933,6.500,13.952,1153.447,1603.964,0
70.188,1.843,5.949,13.308,660.416,1769.966,0
65.979,1.986,5.501,13.198,259.037,1755.744,0
59.110,1.937,6.134,12.725,367.817,1773.488,0
67.766,2.102,6.517,15.894,1064.520,1676.694,0
62.458,1.821,5.664,15.003,372.523,1760.146,0
61.585,2.773,6.467,13.764,283.302,1747.639,0
58.880,2.364,5.908,8.945,664.518,1689.658,0
66.846,1.530,6.320,12.568,1984.835,1862.950,0
90.203,3.191,4.755,15.359,2036.075,1771.006,1
57.387,2.262,5.918,14.192,1069.215,1828.927,0
89.904,4.796,5.473,20.688,913.987,1813.609,1
57.268,1.508,6.481,13.638,1721.570,1774.475,0
70.868,3.221,4.956,14.767,119.618,1656.520,0
59.579,1.414,5.896,13.728,137.264,1770.197,0
66.864,2.161,6.261,14.774,493.552,1776.902,0
62.182,2.572,5.662,13.755,549.709,1815.704,0
58.356,2.421,5.444,14.734,1848.136,1742.079,0
66.686,2.421,5.779,14.741,825.260,1806.054,0
55.641,1.852,6.087,14.813,1363.536,1781.672,0
61.209,1.737,6.686,13.937,748.927,1691.293,0
62.201,1.582,6.161,14.485,930.452,1684.116,0
61.093,1.671,6.055,13.592,1526.885,1737.819,0
64.721,3.022,6.291,14.677,1232.883,1790.286,0
53.825,1.639,6.418,15.295,337.778,1714.240,0
57.895,2.129,5.763,15.259,1000.491,1743.531,0
62.436,2.666,6.242,13.572,1031.520,1712.654,0
64.491,2.063,5.288,11.704,1442.572,1766.876,0
65.022,2.020,6.908,12.191,1595.251,1784.566,0
72.702,7.842,5.374,14.623,1673.284,1656.549,1
58.225,2.201,6.778,12.616,841.806,1697.739,0
65.220,2.689,5.603,11.330,181.298,1720.093,0
53.946,2.438,5.590,12.576,1732.446,1812.623,0
64.655,1.554,5.454,14.126,1364.305,1802.714,0
53.885,2.017,5.866,14.404,623.691,1743.547,0
62.692,2.271,5.071,14.572,110.145,1754.811,0
55.564,1.363,6.601,13.221,565.781,1702.113,0
64.786,1.860,5.399,14.525,1479.777,1699.851,0
56.143,1.439,6.501,13.661,832.269,1773.966,0
63.999,2.549,5.740,14.494,1773.323,1864.619,0
55.338,1.681,5.689,12.109,1596.499,1722.728,0
63.985,2.156,6.517,12.289,187.133,1784.391,0
64.903,2.099,5.561,16.316,1599.040,1796.310,0
69.992,2.460,6.805,15.131,1225.768,1729.951,0
54.074,6.774,6.220,15.265,1774.596,1525.084,1
55.845,2.418,6.474,12.746,982.661,1755.674,0
60.633,2.596,5.058,13.620,44.612,1763.287,0
58.516,1.496,6.715,16.453,1715.287,1736.220,0
56.042,2.122,5.758,13.822,421.890,1727.542,0
63.107,2.453,5.718,12.368,1383.997,1760.659,0
64.359,2.050,5.983,14.096,173.390,1754.633,0
64.593,2.510,4.855,13.560,480.568,1824.548,0
56.025,1.503,6.184,13.501,1139.414,1721.512,0
62.307,2.112,6.886,13.460,1657.152,1806.846,0
55.558,2.041,6.716,14.202,671.454,1813.409,0
63.782,2.200,6.586,14.204,1703.656,1735.998,0
66.423,5.687,6.335,16.312,2031.802,1467.626,1
58.726,2.184,5.941,10.420,1956.548,1707.045,0
61.695,2.451,6.216,16.101,1218.660,1741.075,0
62.142,1.345,6.235,15.075,556.897,1769.344,0
58.383,2.097,5.943,14.913,1078.505,1785.733,0
69.951,2.085,6.972,15.486,1481.963,1680.026,0
63.005,1.681,4.946,14.492,9.072,1733.390,0
65.005,3.208,5.393,14.358,1746.518,1719.088,0
68.558,2.399,5.867,14.843,1371.423,1719.541,0
58.613,1.948,5.499,13.621,1714.402,1786.197,0
70.674,2.888,5.989,16.110,1305.435,1614.386,0
59.125,1.482,6.262,14.346,1241.996,1795.930,0
61.993,1.747,5.407,13.882,1765.979,1659.471,0
61.368,3.039,5.669,14.384,221.434,1781.801,0
61.601,2.186,6.215,12.723,325.613,1751.988,0
64.358,1.935,6.577,15.846,1054.486,1814.053,0
70.671,2.597,5.915,15.417,841.396,1824.593,0
76.345,2.337,6.274,12.491,958.138,1775.879,0
62.513,2.840,5.618,13.886,1127.880,1705.834,0
62.156,1.914,5.380,16.019,1051.693,1697.585,0
63.090,1.671,5.669,16.662,1793.538,1809.283,0
63.965,2.130,5.170,12.293,1626.027,1823.702,0
74.589,2.334,5.824,12.988,1737.692,1761.254,0
64.633,1.821,5.617,12.350,1027.732,1644.827,0
68.559,3.751,5.797,14.295,992.804,1688.874,0
54.560,1.665,6.175,14.840,60.439,1648.928,0
55.389,1.412,5.820,14.060,799.831,1864.436,0
60.290,2.041,5.389,15.047,338.453,1669.620,0
60.358,2.652,6.192,14.797,849.226,1602.325,0
58.650,2.196,5.460,15.680,1663.417,1817.891,0
88.030,2.643,5.279,19.639,1761.890,1548.443,1
69.838,3.415,5.978,15.021,110.199,1834.968,0
70.329,2.545,5.253,13.175,1682.726,1753.849,0
57.932,1.852,6.778,17.471,232.353,1739.931,0
58.304,2.891,6.284,12.465,56.852,1736.631,0
61.420,1.420,5.052,10.827,475.645,1756.609,0
63.274,2.322,6.016,13.502,1474.688,1781.500,0
61.017,2.891,6.980,13.353,389.388,1820.684,0
63.635,2.865,5.760,13.657,1239.059,1820.571,0
58.357,1.859,6.228,14.217,1119.915,1920.271,0
63.317,2.397,7.362,14.689,339.031,1865.024,0
66.354,3.124,6.101,14.058,809.548,1716.983,0
67.464,2.546,5.990,14.442,646.140,1819.870,0
66.867,2.117,5.762,13.636,1580.498,1857.893,0
61.841,2.092,5.563,14.870,1338.935,1682.808,0
58.718,1.625,5.607,14.691,721.223,1788.309,0
52.763,1.639,6.406,13.083,1639.515,1650.605,0
56.973,2.302,6.635,12.734,268.293,1739.395,0
73.108,3.062,5.785,12.705,1216.278,1765.067,0
65.722,3.037,5.514,13.331,439.558,1795.155,0
65.865,2.060,6.484,15.724,775.123,1792.928,0
58.763,2.083,7.381,12.009,284.326,1688.010,0
59.365,2.436,5.862,13.294,1970.907,1718.684,0
57.811,2.010,5.942,15.015,545.178,1681.114,0
62.741,1.669,5.873,13.002,1781.751,1742.464,0
59.105,2.273,5.886,13.518,988.756,1711.471,0
64.319,3.221,5.466,15.761,89.858,1709.669,0
54.629,1.708,5.351,10.976,1074.791,1698.364,0
65.730,3.054,6.379,15.860,1001.683,1658.734,0
61.560,2.440,5.531,14.290,1731.778,1686.742,0
62.673,2.266,5.672,16.231,1945.295,1612.750,0
73.856,2.658,5.860,15.757,1916.405,1713.927,0
67.824,1.455,5.892,16.748,356.218,1817.578,0
62.889,2.469,6.780,15.031,790.402,1715.505,0
64.137,2.087,5.664,12.994,943.549,1745.559,0
60.180,2.153,6.244,14.026,274.530,1790.383,0
63.073,2.578,5.915,13.213,269.208,1825.947,0
59.676,2.131,5.034,17.273,1712.368,1776.248,0
72.950,6.689,5.946,16.124,2189.310,1820.117,1
85.478,4.830,5.083,19.676,2147.428,1752.256,1
51.420,2.422,5.644,12.672,1719.015,1774.445,0
76.424,6.444,6.122,13.106,1907.842,1815.264,1
58.510,2.642,5.950,14.924,435.973,1789.212,0
56.012,2.432,5.955,15.319,664.113,1732.077,0
56.282,3.000,6.413,13.248,189.630,1714.823,0
59.306,3.172,6.263,10.939,616.093,1661.564,0
60.285,2.285,5.334,11.019,1630.115,1741.495,0
70.125,2.081,6.280,12.469,117.270,1645.413,0
69.041,1.969,6.218,17.034,1933.039,1790.586,0
60.946,2.669,6.375,9.553,203.819,1688.572,0
72.325,3.405,5.856,10.508,1029.466,1723.753,0
52.300,2.616,6.291,12.861,1652.292,1756.029,0
58.155,0.870,5.205,14.054,1095.396,1762.523,0
69.216,2.507,5.240,13.243,1743.750,1741.646,0
60.051,2.212,5.388,13.494,1171.608,1821.759,0
62.514,2.544,6.408,11.490,491.819,1774.005,0
66.702,2.490,4.975,14.411,1955.859,1727.038,0
62.429,2.157,6.124,11.813,1426.647,1683.390,0
66.607,2.485,6.079,14.312,233.894,1752.771,0
83.756,4.302,6.043,17.376,2129.892,1487.745,1
60.362,1.400,4.679,12.742,1396.906,1657.816,0
62.874,1.967,5.879,14.737,1715.138,1762.800,0
64.205,2.117,6.413,12.038,1266.985,1719.693,0
63.827,2.447,5.474,12.217,627.453,1830.235,0
73.750,2.526,5.245,11.645,242.043,1842.489,0
62.652,2.163,5.918,12.186,1332.995,1743.920,0
62.755,2.161,6.452,13.473,748.968,1761.128,0
57.987,1.527,6.103,13.294,1004.875,1820.903,0
63.513,2.880,5.172,12.232,741.045,1861.771,0
73.237,2.796,6.403,15.132,328.637,1767.793,0
64.698,2.094,6.426,11.091,1259.078,1751.319,0
74.554,2.727,6.109,13.810,669.262,1723.847,0
59.858,6.429,5.988,13.505,2175.855,1649.668,1
66.204,2.427,6.715,16.341,1634.304,1752.412,0
58.953,1.826,6.498,15.158,1004.213,1691.973,0
59.387,2.193,6.027,15.023,1676.388,1825.803,0
57.443,1.848,7.031,15.165,41.864,1783.561,0
54.671,1.933,6.980,14.282,174.764,1844.849,0
57.150,1.205,5.616,13.892,1896.883,1743.424,0
62.652,2.197,6.203,12.118,1270.071,1699.048,0
57.371,2.471,6.448,14.325,84.212,1709.959,0
57.881,1.790,5.405,12.936,1492.475,1700.045,0
59.900,1.179,5.860,13.859,1067.148,1744.190,0
64.791,2.521,5.769,13.995,420.834,1710.908,0
51.840,2.475,5.518,12.204,1206.503,1773.555,0
62.517,0.795,6.110,12.812,984.019,1727.695,0
58.943,2.730,6.286,14.259,1264.144,1851.761,0
58.242,2.233,5.593,14.974,1788.608,1793.004,0
58.387,1.208,6.199,13.756,1184.757,1810.625,0
66.160,2.285,5.900,14.081,522.317,1750.733,0
62.245,2.099,5.705,14.496,987.807,1840.010,0
55.249,1.388,5.810,10.021,1601.937,1773.202,0
56.544,1.808,6.393,13.664,1820.078,1831.990,0
66.033,2.757,7.255,10.997,491.256,1805.664,0
65.680,2.532,5.868,14.168,101.402,1686.482,0
56.105,1.893,6.192,13.487,483.940,1862.813,0
63.529,2.541,6.191,15.282,1142.951,1708.250,0
65.093,1.753,6.086,14.174,396.714,1785.261,0
57.898,2.443,6.597,12.721,1739.408,1754.941,0
60.321,2.446,5.770,14.441,927.038,1684.427,0
56.810,1.479,6.028,12.693,472.166,1779.345,0
65.972,2.394,6.090,14.615,446.768,1635.025,0
60.142,2.280,6.026,14.017,212.249,1860.290,0
55.762,2.082,5.913,16.034,56.616,1809.998,0
75.709,3.093,5.680,14.560,594.548,1815.521,0
60.651,2.949,6.204,12.104,1207.043,1675.871,0
52.961,0.836,5.654,12.024,1594.822,1707.500,0
64.487,2.883,6.130,13.130,541.159,1731.431,0
62.038,2.511,6.667,15.785,361.200,1698.242,0
65.708,1.479,6.278,14.526,1889.787,1786.405,0
61.949,2.008,7.122,15.908,1799.555,1641.903,0
68.541,2.582,6.198,11.604,925.063,1795.099,0
57.910,2.059,6.119,17.269,762.207,1716.353,0
67.420,2.891,4.958,17.091,1331.117,1709.992,0
66.629,2.591,6.304,14.755,1944.621,1756.675,0
58.813,2.512,6.118,14.588,706.076,1803.332,0
58.443,1.479,6.014,14.870,78.426,1724.104,0
62.800,1.561,6.174,13.247,1729.148,1729.178,0
51.107,0.851,6.197,13.381,149.747,1769.535,0
63.756,1.816,6.177,13.453,55.239,1705.457,0
60.774,1.982,6.076,15.928,1193.003,1763.468,0
64.950,2.550,6.840,16.287,997.474,1739.890,0
65.421,2.433,6.436,17.537,1093.209,1737.768,0
70.086,2.938,5.543,12.191,393.670,1746.460,0
61.963,2.046,5.639,15.390,1806.374,1757.708,0
57.370,2.123,4.920,13.424,939.383,1657.981,0
56.492,1.623,6.111,15.168,472.427,1842.576,0
57.155,2.498,6.480,13.984,1240.220,1810.953,0
61.921,1.827,6.085,14.115,553.535,1735.352,0
64.476,1.925,5.634,12.273,98.001,1797.376,0
67.071,1.137,6.126,10.760,1272.385,1756.836,0
60.890,2.380,5.815,14.254,1358.815,1831.873,0
65.068,2.584,5.859,10.727,949.347,1774.286,0
61.929,2.519,6.533,14.449,1589.476,1740.818,0
63.731,1.623,6.173,14.311,721.038,1849.118,0
55.096,1.923,4.354,14.158,1317.030,1710.736,0
62.770,1.974,5.689,14.223,1920.352,1825.818,0
60.476,2.202,6.044,13.638,909.147,1607.466,0
63.544,1.409,6.220,14.847,723.057,1665.562,0
60.142,1.938,6.047,10.407,324.548,1711.161,0
59.224,2.870,6.155,14.360,597.738,1678.772,0
63.814,3.046,5.425,16.135,827.456,1793.724,0
64.550,3.384,6.640,15.565,152.620,1845.251,0
69.573,1.859,4.843,14.656,1253.899,1698.104,0
57.862,1.598,5.300,9.512,44.739,1720.466,0
66.011,2.738,6.018,15.210,1608.930,1733.498,0
63.610,2.364,6.217,13.883,1326.344,1692.716,0
67.494,2.696,5.756,14.454,327.368,1645.886,0
67.585,1.976,5.845,15.944,1133.803,1798.774,0
56.445,2.469,6.114,11.915,900.273,1688.723,0
63.250,1.671,5.989,17.088,789.459,1763.228,0
58.631,1.725,5.320,14.990,966.674,1749.286,0
55.381,1.610,5.510,15.006,1591.268,1799.083,0
65.782,2.048,5.694,15.385,1607.834,1746.987,0
66.970,2.080,6.444,14.054,1624.597,1731.086,0
60.658,2.016,6.174,11.461,1001.997,1902.537,0
64.094,1.701,6.725,16.046,1947.073,1749.135,0
62.226,3.010,5.946,15.785,154.177,1659.219,0
68.825,1.740,6.180,14.441,226.969,1722.789,0
62.901,2.135,6.383,12.733,1062.605,1731.069,0
61.733,1.631,6.332,16.798,1042.640,1662.813,0
61.012,2.049,6.351,13.709,660.596,1826.838,0
56.662,3.086,6.547,13.956,1902.779,1768.894,0
67.219,1.817,6.539,14.302,1602.736,1771.580,0
67.790,3.083,5.729,14.945,1540.371,1792.777,0
55.114,2.000,5.576,14.486,1922.263,1819.564,0
66.847,3.085,7.013,13.859,73.569,1661.836,0
59.566,2.113,6.130,12.343,297.542,1765.174,0
57.926,2.630,5.082,14.135,1259.446,1780.415,0
61.086,1.148,6.197,12.602,1495.456,1817.093,0
60.882,1.942,5.549,13.519,682.037,1676.609,0
64.330,2.320,6.423,11.499,454.674,1730.148,0
67.020,2.313,6.199,13.078,931.175,1819.573,0
57.777,2.994,6.004,14.335,1552.989,1629.251,0
65.925,2.262,5.785,12.221,250.078,1778.312,0
59.835,2.321,6.338,16.588,1517.271,1656.473,0
67.189,2.693,6.100,13.100,1369.624,1896.860,0
69.245,3.196,5.303,14.916,1395.560,1743.481,0
63.573,2.518,5.218,15.105,519.378,1822.176,0
62.281,3.169,5.976,12.662,606.935,1850.575,0
61.910,2.274,5.372,15.077,1873.639,1650.990,0
64.487,2.463,6.503,14.550,1561.587,1652.122,0
60.777,3.063,5.906,19.148,1489.775,1782.647,0
67.541,1.878,5.553,14.809,88.986,1800.333,0
73.081,2.834,6.246,15.257,1501.492,1773.600,0
63.560,2.713,5.844,13.773,1087.905,1787.115,0
51.799,1.877,5.650,13.860,1712.913,1808.243,0
58.766,1.406,6.389,16.277,1407.772,1683.552,0
64.380,2.546,6.104,13.624,1975.673,1771.932,0
60.770,2.235,5.869,17.734,275.397,1769.921,0
60.582,1.460,5.495,17.728,818.673,1628.492,0
62.438,2.296,5.841,13.067,169.139,1719.211,0
63.764,1.395,5.819,13.585,174.270,1761.859,0
60.817,1.690,6.776,15.061,717.040,1753.296,0
62.569,1.863,5.804,15.920,1012.948,1723.980,0
64.222,2.182,5.813,11.963,1393.658,1788.977,0
65.268,2.353,6.389,11.462,1930.579,1796.108,0
64.057,2.079,5.702,12.549,1509.168,1737.111,0
62.843,2.490,5.852,13.720,1884.344,1698.708,0
90.720,3.318,5.279,17.218,1320.796,1941.534,1
67.300,1.931,6.783,14.544,837.327,1725.206,0
61.080,2.546,6.244,15.033,1342.643,1782.955,0
60.137,1.611,5.727,13.960,318.737,1771.993,0
67.351,1.441,6.812,12.269,1822.415,1763.701,0
62.242,2.018,5.366,16.773,710.972,1737.350,0
60.591,2.094,4.476,13.891,865.934,1733.381,0
64.482,1.285,5.782,16.470,36.576,1617.600,0
71.807,3.488,6.476,14.342,1815.265,1809.750,0
63.322,2.184,6.256,15.284,1996.677,1682.529,0
66.849,2.065,5.341,16.362,1034.723,1799.554,0
63.285,2.837,5.840,15.332,733.973,1757.763,0
53.689,1.899,5.649,10.867,903.628,1745.718,0
56.306,2.175,6.141,14.436,210.566,1867.255,0
60.547,2.260,6.795,13.390,444.125,1721.572,0
56.489,1.808,5.128,12.229,1785.529,1702.786,0
59.090,2.378,6.415,13.564,566.271,1783.969,0
62.638,1.963,5.581,13.123,1937.326,1805.821,0
65.266,2.100,5.042,14.872,515.734,1706.528,0
65.270,2.939,6.243,16.979,949.509,1718.720,0
58.809,0.728,6.501,13.145,1497.685,1628.160,0
56.027,2.124,5.922,15.136,356.603,1833.134,0
66.820,1.993,5.185,16.840,756.510,1806.401,0
67.226,2.535,6.695,14.228,1019.776,1813.693,0
61.280,1.600,6.646,13.659,1105.861,1590.885,0
62.988,1.778,5.302,13.213,1836.343,1689.976,0
72.855,7.991,5.589,15.029,2322.233,1709.339,1
75.917,2.887,5.821,16.195,330.707,1812.344,0
58.304,2.183,6.329,13.648,1698.602,1904.485,0
54.960,0.940,6.175,12.335,167.534,1766.885,0
48.821,1.873,4.904,12.257,1781.217,1840.931,0
52.311,2.133,5.988,15.988,702.811,1728.861,0
76.569,2.627,6.076,14.015,224.632,1766.602,0
57.607,1.850,6.172,14.947,161.570,1712.139,0
60.230,2.635,6.171,14.775,155.246,1734.023,0
60.041,2.770,5.291,14.128,1036.533,1881.100,0
63.181,3.189,6.774,15.022,1132.876,1813.662,0
59.591,1.889,7.011,15.513,1501.263,1693.024,0
58.008,1.967,5.078,13.085,422.511,1780.722,0
61.069,2.775,5.264,15.235,157.574,1763.840,0
63.025,3.000,5.879,14.878,904.082,1725.738,0
71.134,2.756,7.020,16.201,1198.482,1894.932,0
70.961,1.910,7.176,13.989,1160.740,1824.576,0
72.255,3.143,4.861,15.543,1817.492,1784.688,0
62.054,2.159,5.352,13.991,1057.729,1740.912,0
63.320,1.999,4.962,14.136,1193.337,1760.538,0
65.116,2.517,5.745,15.870,1557.402,1811.217,0
56.354,1.660,6.328,15.866,264.998,1810.284,0
59.311,1.156,5.863,12.003,10.962,1618.254,0
65.673,2.568,5.413,14.115,1510.308,1789.857,0
63.652,1.844,5.989,17.123,1686.701,1792.204,0
63.103,1.618,6.167,13.637,113.348,1780.347,0
67.641,2.194,5.632,14.484,1509.577,1649.393,0
60.002,1.836,5.887,12.514,354.914,1671.873,0
56.406,2.653,5.930,17.312,1468.197,1707.676,0
56.512,1.691,5.955,14.193,604.360,1763.274,0
82.720,4.135,5.263,17.423,1227.973,1789.920,1
84.046,3.592,5.663,20.595,2184.812,1654.401,1
65.130,1.914,6.072,14.800,1893.638,1686.797,0
70.531,6.182,6.261,14.571,2020.747,1463.517,1
58.531,1.072,5.807,12.048,1918.712,1745.409,0
61.912,2.496,5.183,13.356,1655.720,1815.475,0
60.004,1.606,5.841,12.347,392.467,1692.923,0
56.820,2.768,6.893,13.724,843.707,1714.556,0
52.812,1.795,5.975,11.985,1740.305,1821.671,0
70.865,2.946,6.521,13.849,1491.744,1862.214,0
58.330,1.942,5.897,14.838,284.878,1751.544,0
67.857,2.236,5.752,12.460,670.908,1654.732,0
58.472,2.702,7.849,16.435,26.635,1745.293,0
58.844,1.748,5.803,12.998,810.253,1857.855,0
69.045,1.992,5.374,15.069,1073.703,1770.027,0
63.776,2.258,6.518,12.922,692.784,1801.399,0
63.938,2.088,6.180,12.278,1452.566,1790.169,0
60.378,2.135,6.323,11.553,158.655,1779.458,0
54.907,1.904,6.498,13.143,1569.208,1660.780,0
70.385,8.461,6.328,14.384,2598.724,1635.795,1
66.238,2.453,5.219,14.296,1450.011,1805.508,0
63.955,2.630,5.668,13.800,1056.305,1689.356,0
48.469,1.355,6.204,12.863,1436.695,1804.305,0
65.248,2.693,7.157,15.359,347.168,1712.045,0
63.629,1.909,5.536,14.307,451.907,1739.219,0
53.605,1.741,5.961,14.694,781.662,1678.632,0
63.104,2.175,6.263,13.007,1725.797,1663.594,0
65.122,2.666,5.857,12.823,636.089,1755.471,0
59.826,1.597,6.281,14.481,770.333,1755.680,0
68.065,2.312,6.004,14.572,811.923,1758.089,0
62.205,2.633,6.255,12.801,1422.917,1900.497,0
57.334,2.423,6.888,15.021,1461.010,1750.304,0
65.554,2.214,6.571,15.580,1691.347,1793.548,0
66.997,2.057,5.731,13.335,859.945,1713.334,0
55.574,2.203,6.331,13.933,1619.692,1806.617,0
63.337,2.300,5.702,14.952,1055.085,1722.507,0
65.803,2.155,6.890,12.126,1301.565,1634.038,0
58.916,2.459,5.749,13.350,59.431,1707.458,0
56.233,1.564,6.640,13.225,188.838,1837.711,0
62.211,2.239,6.565,14.130,1850.670,1686.185,0
59.724,1.971,6.212,14.922,1273.241,1827.779,0
56.890,2.139,6.293,14.732,838.891,1746.287,0
66.443,2.289,7.106,13.515,1795.114,1791.568,0
72.492,2.951,5.924,16.172,1351.852,1814.594,0
62.580,2.397,6.178,14.332,1922.053,1727.429,0
69.564,2.297,5.920,15.338,1236.721,1694.299,0
61.433,2.240,5.805,11.678,1805.815,1773.380,0
48.791,1.709,6.521,13.769,1204.067,1812.480,0
71.056,2.877,5.947,12.783,717.906,1800.809,0
65.149,1.808,6.519,13.585,658.585,1764.690,0
63.709,2.321,6.434,16.818,690.248,1815.448,0
59.386,1.944,6.413,14.659,614.647,1706.422,0
62.447,2.200,5.858,13.198,1593.795,1757.490,0
58.109,1.478,6.661,12.728,1780.880,1793.117,0
60.290,2.462,5.333,12.099,524.942,1704.378,0
61.816,2.513,6.197,16.876,244.589,1782.667,0
57.979,1.992,4.924,15.031,490.175,1730.409,0
60.175,1.773,6.013,12.723,790.315,1777.522,0
65.124,1.485,5.666,14.227,61.769,1772.533,0
63.574,2.275,6.140,11.906,546.538,1917.915,0
63.236,2.773,6.919,14.115,888.669,1749.288,0
60.448,2.014,6.326,13.151,603.690,1722.983,0
62.079,2.375,5.931,13.753,1186.695,1815.465,0
65.636,2.570,6.581,14.990,1893.707,1690.195,0
88.039,3.553,5.124,19.949,1918.202,1771.431,1
62.201,1.994,6.659,14.811,1889.703,1863.219,0
62.316,2.455,6.704,14.123,652.293,1735.427,0
62.296,2.460,4.918,12.623,312.480,1640.380,0
68.419,2.205,4.574,13.104,269.010,1721.090,0
67.282,1.980,5.716,15.615,1563.714,1684.342,0
69.540,2.227,5.685,15.864,831.956,1822.027,0
52.845,1.499,6.122,13.449,529.434,1868.944,0
69.195,1.811,5.810,15.327,1575.210,1707.241,0
71.563,7.259,5.349,15.667,2596.616,1802.087,1
59.646,2.556,6.804,11.835,756.683,1808.087,0
69.279,2.110,5.911,16.487,611.031,1758.200,0
61.909,1.557,5.425,12.481,79.085,1710.869,0
57.684,1.839,6.259,12.253,105.763,1769.288,0
58.059,2.283,6.231,13.407,1730.503,1858.533,0
54.295,1.286,5.633,11.976,671.916,1747.405,0
66.125,2.083,6.231,13.882,1747.148,1787.862,0
67.283,2.636,5.689,12.975,394.651,1752.717,0
58.325,1.709,6.450,12.040,1523.049,1782.152,0
58.205,2.381,5.339,12.091,689.564,1737.367,0
51.894,2.200,6.732,13.341,722.904,1763.842,0
58.297,2.128,5.958,13.786,682.565,1770.781,0
63.527,2.475,6.657,15.358,280.404,1782.892,0
61.776,1.780,6.051,15.519,1210.643,1772.161,0
53.056,2.377,5.770,14.604,490.890,1734.326,0
66.548,2.402,5.034,15.997,1879.544,1740.602,0
62.839,2.404,5.696,16.207,1686.460,1828.087,0
64.757,2.458,6.001,15.434,1343.954,1735.669,0
66.841,2.523,5.480,16.053,624.460,1862.794,0
63.524,3.028,6.230,15.685,272.013,1752.650,0
51.643,2.217,5.525,11.918,405.146,1820.459,0
55.813,1.421,5.051,13.533,126.657,1775.394,0
64.295,2.009,6.260,13.515,268.693,1829.584,0
61.748,1.830,6.630,11.975,1396.843,1721.233,0
59.199,1.142,6.001,17.431,1761.986,1749.583,0
64.987,2.580,5.717,14.205,25.921,1748.496,0
61.612,2.334,6.586,13.270,192.594,1678.163,0
68.649,1.892,6.984,15.111,1145.235,1893.701,0
52.651,3.127,5.607,8.929,892.577,1685.579,0
61.139,2.737,5.382,12.277,1540.455,1745.351,0
63.614,1.883,6.414,15.994,849.099,1792.226,0
69.213,3.058,5.995,15.397,1206.040,1723.871,0
61.833,1.847,6.138,13.668,1479.133,1726.202,0
69.081,2.362,4.463,14.805,643.894,1653.142,0
65.906,2.484,5.785,15.230,725.944,1630.270,0
52.598,2.341,6.305,14.293,44.459,1825.999,0
71.319,2.455,6.326,13.033,1671.796,1815.174,0
53.579,1.178,6.914,14.309,388.117,1831.427,0
58.225,1.784,6.050,14.637,221.730,1797.702,0
64.960,1.944,5.450,14.882,1945.487,1873.256,0
66.127,2.304,5.943,14.640,854.267,1741.543,0
62.269,2.045,5.511,15.996,169.952,1651.940,0
61.753,1.993,6.270,14.145,1999.549,1775.211,0
67.811,2.824,5.743,14.271,648.983,1811.826,0
59.570,2.028,5.338,14.862,1300.953,1760.548,0
69.500,1.238,5.516,15.112,760.917,1617.589,0
56.567,2.251,6.397,13.940,1505.875,1804.570,0
56.432,2.942,5.708,14.525,665.928,1804.006,0
62.764,3.035,6.366,13.645,1307.585,1704.261,0
63.918,2.655,5.167,14.989,1181.266,1775.173,0
69.148,2.613,5.607,10.947,1882.882,1691.331,0
57.530,2.177,6.074,16.005,794.577,1751.209,0
68.593,2.452,6.279,13.628,983.298,1716.105,0
64.929,2.458,5.488,13.299,630.183,1723.471,0
66.952,2.636,5.357,14.949,1261.480,1728.516,0
63.807,3.142,5.495,11.323,762.210,1793.591,0
65.431,2.757,6.033,13.475,1669.443,1801.412,0
67.950,2.322,5.981,15.975,1813.794,1774.195,0
83.058,4.698,6.240,20.472,1696.744,1728.351,1
60.922,1.894,5.855,12.614,880.745,1783.323,0
68.299,2.686,5.967,12.647,1159.152,1727.922,0
61.417,1.635,6.676,13.728,108.259,1778.335,0
65.325,0.882,6.159,14.875,941.372,1701.492,0
56.880,2.523,6.794,14.794,1569.835,1729.830,0
48.819,1.419,6.898,12.285,1874.228,1826.119,0
56.252,2.144,5.996,13.469,139.669,1689.159,0
70.044,1.866,5.021,14.042,1374.541,1754.235,0
61.563,2.015,5.098,16.811,1613.376,1740.813,0
62.110,1.947,7.238,16.913,838.092,1747.983,0
59.663,1.997,5.869,14.505,1036.499,1766.857,0
70.316,2.209,5.933,16.294,440.465,1862.562,0
62.862,2.512,6.037,12.055,1980.229,1734.257,0
61.986,2.782,5.497,14.336,433.249,1760.968,0
63.500,1.974,5.620,13.031,1420.275,1822.214,0
58.092,1.692,6.124,15.746,1123.625,1759.935,0
59.152,2.399,5.649,11.833,1681.111,1689.018,0
67.451,2.261,4.999,15.859,1180.157,1804.946,0
63.522,3.836,5.539,15.828,1910.184,1800.192,0
63.817,2.689,5.580,14.127,39.903,1768.330,0
56.886,1.855,5.974,12.648,776.315,1740.242,0
58.071,1.654,5.277,14.087,1916.830,1676.027,0
56.884,3.014,6.476,15.498,1722.005,1792.542,0
59.426,1.737,6.402,15.196,116.417,1700.766,0
63.934,2.225,6.153,13.619,1085.873,1747.496,0
72.193,3.231,7.098,16.367,1782.529,1689.020,0
55.775,0.874,5.958,13.527,700.840,1810.357,0
64.158,2.678,5.380,15.018,256.859,1696.594,0
61.672,2.953,5.114,14.496,1429.318,1860.020,0
60.099,2.131,6.290,14.371,822.217,1805.875,0
55.782,2.070,6.270,13.955,940.315,1709.954,0
61.589,2.266,5.062,12.000,485.308,1756.525,0
60.256,1.520,6.444,13.288,564.342,1625.975,0
56.305,2.610,4.418,14.817,1131.559,1711.975,0
65.248,1.788,5.894,11.721,238.413,1660.942,0
64.418,2.134,5.318,15.948,862.091,1648.171,0
51.489,2.188,6.503,12.743,462.465,1751.206,0
65.504,2.020,6.038,16.008,180.086,1682.474,0
59.801,1.850,5.786,11.777,906.822,1720.140,0
53.153,2.055,6.670,11.657,1751.944,1678.968,0
60.250,1.851,5.306,14.142,1688.429,1788.199,0
52.697,1.605,5.655,17.205,815.556,1831.042,0
64.509,2.346,5.285,13.872,52.802,1767.974,0
51.814,0.805,5.927,11.880,1676.580,1718.299,0
64.789,2.688,6.612,13.438,24.593,1798.581,0
53.361,2.039,5.603,10.617,14.306,1773.027,0
53.413,1.413,5.320,15.200,498.820,1698.063,0
66.065,2.454,5.584,13.727,1474.489,1798.317,0
59.741,2.021,5.427,14.428,1862.470,1692.647,0
60.480,1.324,6.271,11.978,976.100,1631.905,0
63.888,3.072,5.977,15.025,1658.525,1704.624,0
59.340,2.620,5.542,14.321,1281.594,1814.428,0
63.643,2.460,5.208,14.675,1212.130,1810.347,0
59.815,1.260,6.316,13.767,1545.548,1847.713,0
59.674,2.486,6.078,13.698,1983.365,1799.022,0
60.304,1.889,6.516,14.632,793.213,1683.021,0
68.995,2.712,5.274,14.490,1882.646,1791.601,0
62.636,0.653,6.177,12.064,1316.340,1728.394,0
64.864,3.484,5.763,14.686,825.149,1762.216,0
65.011,2.853,5.688,14.646,194.518,1798.160,0
60.035,1.966,6.301,11.776,1006.893,1734.618,0
62.663,1.417,6.096,14.616,1860.061,1804.592,0
66.395,2.291,6.363,14.957,1285.162,1740.789,0
61.763,3.295,6.252,11.303,1210.415,1803.380,0
81.574,6.262,6.264,13.817,2523.452,1687.814,1
85.757,3.103,5.731,19.301,1223.586,1707.703,1
59.071,2.066,6.409,11.989,259.018,1742.874,0
61.655,2.205,6.194,13.427,958.271,1752.875,0
64.959,2.576,5.283,11.598,1303.122,1683.077,0
62.241,1.774,6.065,14.819,265.411,1682.941,0
60.765,1.734,6.709,11.270,9.760,1685.380,0
50.827,1.636,5.632,10.033,793.430,1790.537,0
52.955,1.674,6.137,12.112,1012.947,1765.465,0
66.113,2.731,6.506,15.101,509.262,1762.817,0
60.176,1.858,6.021,13.128,1944.059,1711.627,0
62.283,2.379,6.964,15.071,584.865,1755.950,0
56.617,2.623,5.420,14.387,1405.342,1764.396,0
65.730,1.849,6.271,14.302,912.186,1669.232,0
55.630,2.190,6.055,12.716,1847.963,1748.105,0
58.997,2.119,5.509,14.797,1493.769,1697.141,0
51.333,2.107,5.333,16.819,1796.490,1701.200,0
56.903,1.240,7.528,13.880,1212.533,1818.612,0
57.771,2.283,5.504,12.611,1028.838,1638.917,0
60.334,1.038,5.960,12.839,725.669,1713.979,0
59.455,2.608,5.629,13.727,759.158,1747.108,0
61.825,1.987,6.349,12.890,558.571,1798.176,0
61.275,1.710,6.359,14.513,250.045,1728.870,0
54.492,1.844,5.210,11.918,237.476,1730.746,0
88.269,2.890,5.537,19.688,2378.743,1722.520,1
70.003,2.560,5.539,16.277,1023.439,1751.146,0
63.801,2.175,5.031,16.297,1470.284,1721.476,0
67.684,2.393,6.424,14.043,1480.411,1751.587,0
56.926,1.841,5.908,12.478,890.089,1740.141,0
63.599,3.235,6.254,14.416,1641.805,1782.543,0
61.523,2.350,5.497,15.227,670.566,1727.538,0
63.973,2.026,6.329,13.835,424.369,1811.392,0
60.604,3.158,6.189,16.201,1874.799,1760.419,0
52.366,1.245,5.794,12.023,4.183,1768.488,0
62.329,2.748,5.988,11.932,418.636,1726.990,0
66.538,2.411,6.553,12.178,835.069,1735.405,0
84.438,3.111,3.970,20.531,882.033,1818.562,1
57.927,2.003,6.005,14.621,24.520,1767.968,0
59.428,2.623,6.539,12.406,1568.765,1785.358,0
70.728,2.606,6.685,14.754,1005.020,1717.285,0
59.737,2.353,5.997,12.052,116.225,1800.298,0
67.408,2.498,6.579,12.856,964.511,1749.615,0
55.755,2.080,5.987,14.083,749.305,1721.680,0
65.839,2.175,6.444,14.895,230.304,1712.674,0
57.952,1.640,6.534,13.001,780.279,1789.846,0
56.843,2.866,6.837,11.556,805.232,1740.364,0
67.054,2.604,5.502,15.783,1366.948,1748.835,0
63.377,2.838,6.222,14.225,545.777,1673.368,0
56.682,2.886,6.400,12.789,1108.629,1816.712,0
58.905,2.740,5.047,13.526,1840.865,1829.300,0
64.810,2.671,5.025,15.560,85.635,1722.923,0
58.639,2.266,6.572,10.771,664.018,1824.920,0
51.018,1.842,6.209,12.344,1226.237,1619.711,0
69.660,2.468,5.551,12.676,1296.487,1755.373,0
62.972,1.989,5.682,11.957,799.318,1691.628,0
63.209,2.903,6.429,15.483,1264.933,1763.066,0
63.383,1.818,5.366,12.991,938.912,1755.334,0
66.053,2.060,5.787,11.143,623.365,1795.390,0
63.170,2.912,5.417,13.568,1483.021,1706.647,0
64.565,2.217,5.549,18.121,665.951,1713.931,0
56.678,1.210,5.784,13.409,944.468,1732.138,0
55.271,1.672,4.928,14.517,1507.015,1706.231,0
69.498,2.739,5.973,16.949,1617.125,1764.443,0
59.034,1.863,6.737,13.265,384.444,1808.404,0
61.486,3.584,5.700,16.124,1299.767,1705.586,0
66.620,2.805,5.482,15.169,1415.805,1761.076,0
59.657,2.234,6.237,16.509,1427.134,1784.712,0
60.996,2.226,6.079,12.779,1621.757,1765.198,0
94.960,4.578,5.285,21.909,2018.781,1719.484,1
63.397,1.784,5.515,14.864,1866.610,1646.301,0
61.709,2.244,5.346,14.936,1149.109,1804.885,0
72.072,2.360,5.391,11.655,64.631,1773.101,0
67.500,3.023,5.940,13.570,1556.079,1785.644,0
67.897,2.263,5.802,14.752,1544.116,1704.462,0
61.169,2.001,6.328,14.692,1499.347,1694.402,0
65.239,2.107,6.413,13.275,1120.440,1764.477,0
56.566,0.878,4.911,13.989,757.153,1836.704,0
59.907,2.187,5.231,15.337,138.953,1862.248,0
68.960,2.180,5.224,13.318,1571.326,1778.574,0
72.664,1.661,6.329,16.031,1189.999,1845.426,0
67.137,1.534,5.497,13.504,554.919,1696.511,0
79.076,2.767,5.381,21.959,1930.882,1654.144,1
65.106,2.536,6.003,13.095,1117.304,1640.411,0
58.544,0.922,5.018,13.996,186.613,1703.665,0
62.644,1.979,5.612,17.270,896.355,1732.780,0
60.048,2.077,5.929,14.665,1833.963,1817.793,0
60.388,2.234,6.056,11.378,388.357,1710.978,0
56.859,2.289,6.404,16.356,963.402,1715.016,0
95.791,2.200,5.676,18.217,1540.859,1656.554,1
63.551,2.889,6.568,15.308,16.542,1690.554,0
60.230,2.495,5.866,13.402,1908.319,1667.482,0
74.401,3.109,5.039,17.120,2227.801,1692.342,1
72.878,2.791,6.432,16.027,1143.855,1844.018,0
64.131,1.441,7.083,15.303,578.823,1697.625,0
66.130,2.155,6.448,15.601,680.262,1689.495,0
66.918,2.555,5.742,16.736,178.104,1648.815,0
62.299,2.104,5.912,13.423,1073.152,1838.554,0
62.658,2.380,5.567,13.625,1823.111,1795.303,0
64.646,1.843,5.855,15.041,1991.282,1850.394,0
66.377,2.132,5.501,14.713,1931.312,1709.938,0
56.351,2.710,5.832,13.265,1317.038,1759.986,0
54.340,1.097,5.905,12.584,1227.013,1694.290,0
59.797,3.253,6.290,14.247,314.924,1840.168,0
58.063,1.906,5.135,11.001,706.657,1817.824,0
66.946,2.675,5.392,11.687,515.807,1798.019,0
59.233,2.189,6.053,14.067,1863.515,1774.747,0
72.985,2.759,5.832,15.232,739.170,1738.906,0
57.571,1.725,6.470,14.701,422.734,1784.745,0
59.074,0.946,6.379,14.163,699.355,1810.933,0
58.738,1.647,6.014,15.151,473.434,1733.859,0
58.632,1.755,5.019,15.902,1895.033,1776.447,0
63.179,2.379,4.996,14.383,824.931,1841.266,0
53.734,1.783,5.568,15.003,1731.407,1848.722,0
59.290,2.203,5.017,13.492,302.380,1691.957,0
58.815,2.382,5.422,14.384,938.020,1789.136,0
66.769,2.245,5.272,15.053,304.227,1707.015,0
54.404,3.390,5.599,13.104,1465.186,1758.176,0
65.709,1.930,5.615,14.093,332.267,1718.407,0
55.619,3.154,5.016,10.705,1751.604,1742.779,0
55.461,1.064,6.625,11.698,1029.910,1680.973,0
71.326,2.580,6.891,15.291,313.237,1688.019,0
57.177,1.351,6.534,14.484,546.705,1878.029,0
66.672,2.959,5.868,15.653,981.821,1843.489,0
62.825,2.596,6.780,15.426,901.736,1724.470,0
70.216,2.668,6.281,16.403,956.542,1893.339,0
51.407,1.682,7.515,11.978,594.892,1741.221,0
59.900,2.986,5.772,15.520,393.178,1781.236,0
61.362,3.291,5.766,13.925,1910.625,1782.032,0
92.596,4.070,5.318,17.736,1156.918,1851.325,1
61.610,1.892,6.322,13.872,340.217,1703.199,0
64.287,1.827,6.224,13.744,817.076,1827.678,0
62.609,2.458,5.211,14.322,64.492,1711.837,0
64.988,2.397,5.427,14.356,297.438,1784.300,0
69.818,2.673,5.443,14.996,97.835,1751.364,0
68.746,2.336,6.065,14.983,974.548,1736.222,0
66.181,2.931,6.030,14.044,1489.661,1737.392,0
59.156,1.380,6.261,13.448,718.537,1794.086,0
59.718,1.705,5.692,13.240,1893.086,1768.465,0
66.936,1.721,6.009,12.851,136.051,1728.227,0
59.731,2.260,6.277,12.176,773.868,1710.199,0
63.913,1.532,6.076,12.911,405.259,1765.100,0
60.293,1.902,4.914,16.502,370.991,1761.571,0
52.784,1.646,5.826,13.975,213.005,1739.291,0
68.741,4.840,5.733,15.607,1800.838,1388.031,1
77.564,7.654,5.438,12.683,2480.671,1780.374,1
68.762,2.865,5.261,13.851,1020.685,1718.854,0
62.276,2.104,4.966,14.125,1281.051,1723.281,0
58.621,1.413,5.854,13.157,73.961,1657.751,0
60.512,2.621,5.683,16.409,1519.886,1808.606,0
54.751,2.656,6.210,13.244,1065.855,1639.714,0
52.323,1.786,5.562,14.174,1815.566,1707.469,0
56.262,1.725,7.141,12.698,455.767,1763.752,0
74.845,2.647,6.728,16.022,190.908,1745.738,0
68.678,2.217,6.004,14.434,1980.441,1756.752,0
60.683,1.544,5.903,15.287,464.483,1703.933,0
52.809,2.026,5.628,14.026,1326.878,1785.087,0
65.414,2.563,6.507,13.717,1552.949,1778.730,0
68.169,2.159,6.090,16.186,796.640,1740.745,0
63.011,2.518,4.862,15.121,1747.770,1719.312,0
63.067,1.341,5.707,16.967,402.501,1810.225,0
58.099,2.634,5.302,13.884,942.211,1730.031,0
51.622,1.737,5.554,12.878,464.461,1711.467,0
56.684,2.049,5.143,15.672,314.000,1695.387,0
66.850,2.079,4.399,15.429,955.039,1846.100,0
59.104,3.012,6.098,14.900,89.500,1731.630,0
63.614,1.561,6.017,15.752,462.904,1815.656,0
64.558,2.154,6.320,16.574,699.009,1698.890,0
60.854,2.354,6.607,14.326,423.391,1716.017,0
53.984,2.211,6.426,12.692,76.822,1702.773,0
62.569,2.084,5.598,14.373,1922.111,1845.514,0
62.684,1.897,5.845,15.103,460.613,1820.999,0
57.063,1.644,5.676,16.256,11.687,1772.362,0
67.575,2.402,5.576,15.306,471.422,1773.445,0
61.813,2.719,5.387,14.889,512.604,1732.658,0
67.771,2.830,5.686,14.312,1899.135,1736.461,0
66.282,2.201,6.363,14.943,1550.540,1671.667,0
57.079,1.425,5.204,13.606,196.227,1765.060,0
66.003,2.261,5.963,16.596,664.839,1759.149,0
60.916,2.276,5.706,14.154,1498.477,1778.262,0
82.271,4.711,5.630,19.832,2353.610,1755.527,1
59.886,2.510,5.664,13.889,251.159,1741.845,0
57.711,1.112,5.914,12.886,1551.290,1834.349,0
61.467,1.952,6.118,16.189,1100.823,1744.278,0
65.608,1.953,6.031,15.425,1152.025,1805.556,0
64.230,2.079,7.189,13.136,262.989,1706.487,0
65.551,1.535,7.036,13.845,925.305,1763.917,0
63.020,1.401,6.892,15.007,1857.794,1699.831,0
66.145,2.425,5.841,12.173,1770.505,1612.067,0
59.376,2.830,5.885,17.099,531.726,1780.329,0
61.889,1.534,6.059,13.150,761.734,1753.163,0
71.075,8.757,5.949,15.914,2298.879,1720.303,1
53.226,2.938,6.208,12.852,1384.515,1774.125,0
61.193,1.866,5.425,17.848,1717.824,1702.053,0
59.565,2.012,5.578,16.923,821.052,1736.489,0
60.475,2.425,6.297,13.704,1570.155,1743.869,0
70.491,1.070,5.461,13.765,2.336,1710.246,0
62.350,2.759,6.458,13.325,1246.102,1820.247,0
57.334,2.107,6.134,11.705,127.759,1735.280,0
56.053,1.673,5.700,15.903,530.438,1788.799,0
61.193,1.032,5.838,15.627,591.082,1842.339,0
55.155,1.973,6.164,14.464,1625.486,1679.239,0
58.781,2.590,6.098,16.171,1436.184,1751.869,0
65.916,2.192,5.874,14.323,158.522,1651.085,0
57.910,2.316,4.829,15.147,998.650,1667.357,0
59.992,2.205,5.479,11.954,60.789,1777.522,0
64.793,1.771,5.110,14.215,405.383,1684.409,0
63.730,1.893,5.700,17.073,935.100,1743.265,0
56.053,1.691,5.612,12.213,947.125,1654.778,0
62.523,2.771,6.720,16.239,1087.823,1747.058,0
59.639,2.092,6.553,14.880,1045.181,1741.054,0
58.476,1.804,6.252,16.774,71.470,1656.442,0
75.207,3.044,5.261,17.140,846.493,1720.401,0
55.322,2.033,6.209,14.330,1661.654,1731.869,0
54.302,1.356,5.673,14.102,288.711,1743.328,0
86.152,3.750,5.332,20.872,1071.261,1774.047,1
64.147,2.334,6.326,15.093,1881.365,1820.211,0
56.724,1.511,5.740,14.412,1712.506,1824.359,0
60.648,2.219,5.930,13.678,931.187,1794.953,0
62.880,2.522,6.023,11.511,1204.191,1808.083,0
83.477,4.606,4.461,16.664,1849.908,1903.641,1
61.877,2.100,6.355,12.581,1795.882,1698.952,0
65.962,5.405,5.730,16.919,2229.348,1732.357,1
66.197,1.609,5.930,15.746,709.268,1782.256,0
53.915,1.912,5.983,14.431,795.391,1800.808,0
63.662,1.942,5.235,12.802,1415.091,1685.996,0
56.246,2.297,6.237,13.866,772.920,1742.037,0
60.751,1.761,5.667,14.740,722.661,1766.537,0
67.610,1.668,5.682,15.120,909.895,1732.288,0
62.361,1.731,5.891,15.568,32.513,1676.982,0
59.288,2.374,6.202,10.574,150.177,1812.820,0
58.639,2.558,5.934,16.444,734.807,1792.062,0
60.930,1.872,6.856,16.199,1723.424,1767.989,0
64.932,2.824,5.914,15.723,1036.125,1767.640,0
58.422,1.844,5.720,16.239,1744.424,1811.631,0
72.024,2.443,5.519,14.323,32.229,1668.528,0
64.599,2.709,6.067,15.671,976.308,1752.045,0
55.252,2.488,5.369,14.351,33.215,1837.878,0
59.440,2.181,5.723,15.715,1570.646,1690.723,0
55.631,1.457,6.052,11.033,322.878,1729.623,0
59.334,2.627,6.566,15.584,1026.969,1676.392,0
88.813,4.021,4.907,17.820,1781.354,1784.010,1
64.639,2.362,6.685,14.054,621.938,1773.205,0
60.474,2.359,6.061,13.991,1561.081,1711.546,0
56.911,2.300,6.545,13.866,1926.785,1921.828,0
61.589,1.728,5.801,14.929,1126.016,1792.960,0
61.221,0.859,5.819,13.704,1073.300,1769.445,0
54.627,2.619,4.865,14.102,1264.731,1770.353,0
53.522,1.764,6.335,14.434,754.105,1692.371,0
60.014,1.545,6.077,13.872,980.410,1779.170,0
60.269,1.030,6.468,14.062,849.495,1755.130,0
54.047,1.521,5.315,12.201,1187.627,1755.241,0
72.907,5.876,5.609,14.926,2064.639,1765.598,1
60.630,2.638,5.676,14.776,151.689,1748.124,0
56.064,3.275,5.593,11.681,1023.041,1709.038,0
65.204,3.018,6.543,14.408,1933.737,1700.538,0
68.712,2.487,5.563,13.466,1792.980,1703.434,0
90.992,2.913,6.165,15.395,1098.191,1633.090,1
62.117,2.359,5.490,13.831,665.638,1799.156,0
73.730,2.865,6.072,15.844,1656.764,1719.033,0
61.686,2.123,5.130,12.705,131.105,1675.192,0
53.702,1.268,5.076,12.668,1842.464,1767.783,0
56.810,1.084,6.454,10.753,52.239,1739.072,0
62.407,2.229,5.982,15.730,1888.682,1732.623,0
63.255,1.791,5.849,16.667,1928.148,1689.689,0
64.805,1.312,5.833,12.298,96.155,1734.274,0
60.825,1.101,6.265,13.725,1502.913,1805.552,0
61.712,2.874,6.046,12.974,218.333,1706.606,0
54.508,1.974,6.111,12.657,98.356,1733.107,0
60.066,2.551,5.944,11.889,1927.284,1700.856,0
61.502,2.236,6.149,13.681,1610.485,1750.054,0
63.080,2.858,6.460,12.678,1184.584,1825.294,0
57.787,2.838,6.128,15.728,37.884,1722.978,0
63.712,1.583,6.899,14.607,1255.192,1698.230,0
67.315,2.610,5.732,10.285,338.681,1773.539,0
68.497,2.305,5.303,14.478,1525.868,1802.002,0
65.658,2.063,5.635,13.942,1037.211,1848.167,0
66.743,2.880,6.148,14.113,1932.725,1816.906,0
61.635,2.634,5.365,13.561,396.293,1772.671,0
62.993,1.648,6.665,15.561,3.344,1677.639,0
57.519,2.549,6.250,12.645,1398.199,1732.447,0
60.021,1.945,6.553,13.445,1524.953,1762.432,0
65.449,2.780,5.991,13.401,1689.931,1786.568,0
66.487,1.803,5.271,14.462,1870.083,1712.510,0
64.968,2.344,5.684,13.032,823.240,1688.432,0
62.506,6.902,5.831,15.114,2172.917,1698.138,1
56.229,2.542,5.812,10.955,367.287,1760.786,0
62.873,1.721,7.040,13.154,1957.281,1877.584,0
73.037,2.330,6.000,16.627,449.180,1775.644,0
61.069,2.396,6.312,15.062,1440.361,1731.059,0
56.426,2.513,6.509,12.984,1216.741,1805.422,0
60.187,0.788,5.755,14.156,891.076,1753.283,0
59.254,2.920,5.199,12.367,203.900,1775.599,0
53.205,1.415,5.122,12.813,1138.301,1859.296,0
59.224,2.741,5.246,16.705,1032.242,1727.953,0
70.252,2.490,5.457,15.949,1736.877,1750.661,0
54.554,2.025,5.616,15.634,303.100,1773.441,0
56.547,1.440,4.946,11.804,499.037,1747.491,0
63.701,1.941,6.512,11.913,844.383,1733.777,0
55.568,1.989,6.776,17.366,556.616,1671.141,0
50.345,1.866,6.641,13.903,1712.279,1749.632,0
69.833,2.907,5.857,13.915,1216.676,1687.522,0
56.933,1.974,5.924,14.402,1144.666,1733.099,0
60.956,2.163,5.678,14.292,64.375,1769.439,0
64.189,1.912,5.236,13.854,1541.322,1743.594,0
62.910,2.083,6.075,11.035,57.651,1799.392,0
65.775,1.448,6.151,13.543,653.880,1786.691,0
59.171,2.611,5.294,13.977,228.944,1730.393,0
55.537,2.019,5.973,14.354,241.622,1769.573,0
69.041,2.638,6.079,13.093,1843.631,1695.155,0
55.309,1.660,6.872,14.394,704.772,1725.860,0
65.621,1.914,5.612,14.181,1586.421,1723.334,0
57.110,1.122,5.775,14.805,1554.110,1678.820,0
62.048,2.085,6.570,16.472,40.482,1780.854,0
61.121,2.657,6.384,14.660,335.036,1690.810,0
56.676,1.703,5.789,13.164,618.628,1761.270,0
54.726,2.895,5.782,14.826,1181.805,1815.584,0
56.704,1.651,6.207,12.662,396.620,1755.642,0
64.075,1.838,6.828,10.165,161.314,1686.415,0
65.146,1.967,6.333,15.965,1787.284,1717.500,0
73.361,2.576,6.321,16.528,283.026,1760.385,0
63.346,2.086,5.707,15.703,1678.901,1712.979,0
64.337,3.071,5.848,17.611,988.190,1807.178,0
60.129,2.737,6.375,13.680,623.151,1721.517,0
78.178,6.241,6.198,14.749,1827.739,1792.877,1
49.734,2.064,5.865,15.516,1777.077,1748.597,0
65.720,2.790,6.375,17.080,1281.194,1705.946,0
54.988,2.057,6.408,10.348,1213.816,1813.972,0
62.171,2.062,6.340,12.543,1713.777,1638.134,0
68.402,2.281,5.411,16.696,103.208,1839.690,0
62.692,3.034,4.901,16.906,260.819,1680.960,0
57.485,1.803,5.603,12.631,987.968,1839.399,0
62.280,1.571,5.908,14.580,338.686,1773.718,0
75.961,3.681,5.738,19.897,1955.597,1733.149,1
59.613,1.833,6.635,13.329,1730.798,1861.297,0
62.002,2.753,6.450,13.448,437.532,1661.775,0
57.238,1.571,5.700,12.824,964.750,1738.686,0
65.906,2.294,6.443,13.870,1692.251,1712.520,0
57.478,1.611,6.575,12.375,1495.565,1734.287,0
56.453,1.868,6.292,15.176,719.473,1644.052,0
51.613,2.507,6.208,14.647,1210.509,1753.566,0
70.169,2.696,5.916,12.355,1308.645,1773.830,0
64.102,2.388,5.616,11.544,649.828,1806.763,0
89.064,2.566,6.146,16.270,1004.448,1930.003,1
62.232,2.526,5.237,12.565,1953.250,1801.806,0
56.868,1.842,5.295,14.315,815.487,1662.190,0
57.841,1.957,6.626,15.358,371.533,1845.901,0
67.222,0.967,6.774,16.214,1445.411,1690.569,0
56.255,1.784,5.864,14.450,298.372,1796.773,0
72.730,2.246,5.846,14.104,1530.487,1724.719,0
67.999,6.847,5.654,15.951,2339.629,1645.865,1
61.577,1.813,6.676,13.985,384.474,1778.971,0
59.712,2.940,5.247,14.656,1968.406,1804.934,0
92.451,2.392,5.831,20.030,1627.219,1825.451,1
60.152,2.021,5.924,15.932,1433.734,1808.727,0
52.492,2.161,5.323,13.967,937.332,1783.212,0
62.445,1.430,5.132,12.724,739.205,1703.407,0
56.872,2.575,6.481,14.857,491.915,1723.604,0
53.738,1.385,6.221,12.173,1765.009,1751.330,0
59.650,2.471,5.843,12.662,1445.645,1722.235,0
56.520,1.582,5.704,13.192,1873.125,1797.629,0
56.269,1.296,6.388,11.195,505.759,1738.982,0
63.424,3.095,6.313,14.994,87.251,1721.790,0
60.813,2.166,5.056,14.322,1985.981,1845.200,0
67.799,2.553,5.180,13.261,783.529,1752.069,0
68.340,2.486,5.941,12.836,952.535,1750.601,0
61.455,1.437,6.231,10.449,1036.245,1691.395,0
73.059,5.255,5.896,15.222,1848.312,1821.771,1
62.549,3.321,5.482,13.601,455.206,1698.253,0
61.921,2.703,5.684,11.542,1924.842,1853.973,0
65.074,1.820,6.652,13.863,1074.489,1740.476,0
56.903,1.596,6.239,11.987,488.608,1816.879,0
74.664,2.740,6.041,14.241,1425.499,1807.855,0
64.881,2.050,6.246,15.351,26.763,1710.723,0
60.882,2.482,5.279,13.635,328.370,1714.989,0
60.424,2.091,7.080,8.965,288.696,1724.410,0
66.663,2.277,7.409,16.166,668.755,1734.599,0
56.658,2.620,6.334,14.012,877.504,1717.884,0
58.557,2.503,7.274,12.808,1961.992,1839.406,0
61.835,2.959,6.523,10.803,270.091,1670.279,0
84.776,3.905,4.252,21.533,942.676,1690.241,1
65.257,2.792,5.481,14.574,1833.318,1714.089,0
64.177,2.156,5.554,12.423,132.494,1857.667,0
57.513,1.906,5.381,12.599,1497.417,1768.484,0
68.427,2.468,6.247,13.274,1333.542,1736.532,0
63.973,2.731,6.305,11.124,795.379,1740.570,0
64.320,2.262,5.445,11.780,416.443,1735.780,0
96.165,5.565,5.497,18.965,2011.814,1722.823,1
62.840,2.388,6.980,13.518,696.473,1787.331,0
60.378,1.924,6.288,15.864,1981.036,1838.473,0
59.691,2.893,6.173,12.856,1447.259,1742.912,0
64.692,2.311,5.771,14.516,1101.040,1742.241,0
61.153,1.617,5.706,14.073,937.534,1796.085,0
59.644,2.142,6.666,15.469,431.921,1688.008,0
64.097,1.962,6.278,15.910,347.856,1732.563,0
59.586,2.261,6.479,15.885,1492.421,1680.467,0
69.292,2.560,5.713,15.156,1042.861,1817.466,0
61.842,2.358,5.669,14.359,499.692,1820.129,0
52.890,1.983,7.094,15.416,448.021,1772.826,0
55.673,1.684,6.290,15.500,892.732,1709.051,0
51.525,0.748,6.713,13.163,1821.399,1696.097,0
56.053,1.622,5.840,13.860,1280.177,1754.903,0
64.323,1.821,5.346,11.508,372.843,1724.032,0
62.293,2.496,5.808,14.468,1415.326,1715.786,0
60.744,1.997,5.859,14.892,551.336,1756.164,0
56.459,1.901,5.456,13.918,196.775,1725.305,0
59.615,2.068,5.747,13.972,873.233,1745.941,0
60.481,1.971,6.667,14.980,1123.157,1715.228,0
63.031,2.764,5.857,14.547,32.851,1734.877,0
61.316,1.908,6.419,13.116,89.701,1636.742,0
60.487,2.204,6.712,14.491,1326.412,1661.657,0
60.939,2.122,5.933,16.685,960.495,1698.791,0
75.322,7.053,5.405,17.074,2344.338,1619.126,1
60.992,1.837,5.459,15.150,1903.859,1741.394,0
65.661,1.979,5.222,15.087,1533.654,1642.354,0
58.576,2.198,6.220,12.927,547.947,1715.625,0
58.854,2.614,5.678,13.083,1896.339,1812.120,0
60.697,2.271,6.367,15.682,1560.650,1722.906,0
61.882,1.821,5.542,16.200,262.186,1731.596,0
51.374,1.629,5.612,13.950,1344.034,1651.818,0
70.250,2.883,6.150,14.069,971.606,1660.887,0
54.815,2.559,5.787,13.658,1165.007,1837.023,0
50.191,1.607,6.515,15.348,1891.631,1644.766,0
56.564,2.993,6.023,13.795,826.081,1752.337,0
63.001,1.729,6.178,13.743,862.739,1744.856,0
58.631,2.428,5.937,13.331,1991.504,1708.227,0
63.179,2.559,5.759,14.204,336.253,1779.081,0
58.101,2.434,5.787,12.506,1217.020,1799.468,0
65.428,1.761,6.829,15.710,1711.694,1681.520,0
71.046,2.544,5.701,11.101,92.567,1775.555,0
58.091,2.952,7.285,11.669,1109.271,1812.656,0
53.209,2.443,6.377,14.317,613.087,1729.518,0
61.024,2.313,5.445,15.954,1222.594,1566.628,0
68.067,2.622,5.447,13.454,684.248,1759.406,0
71.488,8.327,6.059,15.761,2461.498,1564.996,1
54.082,1.891,6.350,13.794,1959.609,1723.221,0
52.559,2.420,5.702,14.837,1776.322,1618.706,0
62.350,1.018,6.175,16.416,1730.211,1799.950,0
63.337,2.339,5.594,13.813,19.202,1736.811,0
60.616,3.038,6.079,12.484,1248.196,1796.998,0
57.793,2.077,6.647,15.362,1545.083,1813.017,0
72.962,6.592,6.007,13.169,1573.649,1554.505,1
67.851,2.429,5.940,11.738,1870.366,1777.162,0
62.143,1.871,5.716,15.674,1442.515,1703.620,0
56.774,2.304,6.427,14.585,1426.335,1758.878,0
58.649,2.063,5.780,12.601,1734.823,1758.608,0
52.536,1.402,5.818,12.891,1230.351,1775.037,0
65.193,2.420,6.094,12.935,1595.918,1774.862,0
57.802,2.074,6.249,14.085,1672.040,1740.860,0
64.089,3.675,6.340,11.321,826.761,1787.845,0
66.095,2.171,6.182,15.750,1986.550,1827.609,0
70.507,1.184,5.897,12.264,1974.030,1737.952,0
58.928,2.570,6.150,12.227,978.057,1677.312,0
73.377,2.449,6.212,15.009,1554.310,1739.504,0
57.875,1.383,6.301,11.356,1461.835,1609.323,0
62.104,2.468,6.351,13.978,72.658,1683.555,0
66.068,1.769,6.206,14.789,742.469,1792.275,0
70.880,2.765,6.176,15.130,1092.196,1777.716,0
63.644,2.017,7.273,12.887,787.293,1856.165,0
66.116,1.572,6.843,14.004,1768.909,1808.488,0
62.694,2.231,5.132,12.645,1510.858,1812.477,0
62.164,2.366,6.150,13.728,237.074,1719.857,0
47.022,1.736,6.442,12.493,270.378,1770.627,0
63.357,2.572,6.457,12.605,1920.812,1773.268,0
64.056,1.778,6.115,12.667,0.182,1613.683,0
54.050,2.676,5.950,13.154,650.477,1817.840,0
62.361,2.913,6.330,14.147,1332.883,1731.537,0
55.320,1.371,6.971,16.262,1786.118,1640.418,0
63.974,2.131,5.729,12.945,554.004,1755.316,0
65.346,2.269,6.073,14.191,723.848,1681.372,0
60.926,1.854,6.344,15.398,1530.675,1733.386,0
71.148,2.258,5.467,12.476,1575.025,1695.711,0
62.492,2.559,6.199,12.935,1780.686,1684.222,0
71.275,2.003,6.353,15.426,1589.389,1804.307,0
64.774,2.224,5.831,11.976,447.994,1776.985,0
59.474,1.303,5.443,13.492,1640.908,1788.617,0
62.661,1.168,5.143,13.633,1752.611,1686.168,0
62.568,2.406,5.971,12.071,1947.313,1720.601,0
58.206,2.336,5.905,12.524,819.794,1750.137,0
57.617,1.006,6.513,14.615,1806.964,1748.311,0
66.194,2.333,5.240,13.957,252.145,1839.920,0
59.214,2.980,5.466,14.509,1064.177,1770.421,0
51.106,2.002,5.950,16.819,1723.236,1742.927,0
64.456,8.414,5.040,13.874,1881.418,1585.691,1
63.540,1.243,5.865,13.006,883.544,1731.565,0
60.316,1.993,6.642,14.140,254.807,1744.896,0
60.046,2.214,6.385,14.644,727.897,1719.082,0
53.874,2.011,6.636,12.424,1322.191,1634.968,0
72.972,3.071,6.263,13.668,1129.910,1695.448,0
60.978,2.240,6.094,12.941,489.643,1812.427,0
59.304,2.228,6.285,14.827,1751.389,1630.703,0
60.546,1.566,5.731,13.384,1108.841,1711.781,0
64.911,1.583,6.161,15.919,1345.963,1956.907,0
56.070,1.867,5.989,13.565,1762.122,1823.568,0
59.594,2.186,6.051,12.271,683.465,1804.707,0
69.601,3.014,5.899,17.697,1242.622,1808.337,0
70.225,2.739,6.287,11.315,1575.958,1708.442,0
66.751,2.878,5.738,14.374,1137.118,1744.528,0
63.401,2.859,6.266,15.006,602.994,1755.404,0
62.186,2.619,6.405,13.495,223.115,1738.174,0
60.152,2.232,6.256,16.905,1858.760,1711.050,0
57.325,1.643,5.906,12.943,448.693,1676.537,0
66.657,1.787,6.346,14.152,844.091,1660.705,0
58.886,1.933,5.249,15.599,1166.918,1772.843,0
64.091,1.879,4.600,12.131,114.633,1807.837,0
54.200,1.927,6.049,12.748,756.577,1837.784,0
61.990,3.196,5.622,10.897,1023.557,1765.170,0
60.500,2.178,6.319,13.650,207.652,1775.151,0
59.519,1.698,6.455,15.544,417.729,1804.734,0
59.320,1.806,6.889,13.625,780.196,1841.519,0
69.664,1.755,6.063,13.613,103.167,1817.622,0
69.072,2.840,5.928,14.143,1087.278,1734.058,0
67.784,1.894,5.923,13.625,475.591,1624.181,0
58.091,2.350,6.061,15.491,1333.600,1672.222,0
55.150,1.729,5.715,13.278,311.923,1764.572,0
62.139,2.457,5.547,14.131,1796.665,1611.914,0
60.261,2.593,6.370,14.062,1915.039,1819.916,0
66.720,1.948,5.977,14.043,1018.593,1787.115,0
62.512,2.070,6.180,14.213,1948.406,1755.215,0
61.993,2.367,6.802,15.564,1062.999,1664.738,0
68.150,1.928,5.941,14.548,1159.371,1668.860,0
64.662,3.363,5.696,14.566,1510.480,1769.029,0
61.792,2.514,5.813,13.742,373.750,1716.122,0
63.991,1.699,6.172,13.778,1055.093,1667.155,0
53.860,2.256,5.953,13.137,310.827,1684.418,0
56.579,2.379,6.007,12.365,1209.981,1704.026,0
59.945,2.014,6.307,13.612,1781.134,1643.941,0
66.441,2.807,6.688,13.534,66.555,1820.429,0
56.712,2.743,5.982,11.664,619.360,1849.876,0
57.274,1.459,6.583,15.821,1856.888,1777.763,0
62.205,3.217,5.679,12.926,1691.307,1733.291,0
61.813,2.350,5.785,13.969,1617.311,1762.522,0
63.965,2.648,5.012,16.092,513.937,1741.057,0
67.127,2.586,6.073,15.367,1730.645,1775.282,0
73.102,7.412,5.969,15.974,2284.759,1476.405,1
63.031,2.036,6.275,10.831,1000.677,1694.764,0
62.981,2.488,5.183,14.921,754.293,1836.562,0
53.817,3.092,6.260,11.906,1614.332,1780.019,0
56.252,1.882,5.737,13.014,3.987,1765.829,0
62.857,2.730,6.399,13.831,399.154,1731.861,0
63.070,2.763,6.821,13.415,636.628,1637.580,0
58.474,2.178,6.173,15.952,59.407,1855.093,0
63.765,1.983,6.489,14.756,1095.645,1772.349,0
50.495,2.047,5.282,12.744,1094.033,1736.495,0
89.017,3.840,5.112,16.756,1178.044,1720.042,1
59.469,3.213,6.240,12.668,718.595,1741.754,0
72.852,6.686,5.518,14.137,2496.676,1735.753,1
61.726,1.603,5.704,15.707,942.944,1791.660,0
57.172,1.316,6.673,13.167,1335.965,1742.402,0
65.097,1.945,6.780,12.778,1403.807,1785.146,0
54.450,1.578,5.124,12.928,210.818,1775.425,0
52.430,2.424,6.416,10.673,720.351,1695.776,0
66.789,2.381,5.548,13.065,1540.750,1710.854,0
50.945,1.718,6.150,15.489,1724.911,1692.081,0
66.729,1.217,5.774,12.933,134.176,1782.490,0
64.771,2.123,5.536,13.901,165.433,1713.043,0
55.044,1.780,6.022,15.010,197.887,1912.660,0
71.830,2.045,5.638,13.771,401.703,1789.731,0
60.777,2.281,6.052,14.734,815.342,1741.039,0
65.469,2.054,5.554,13.800,1038.193,1727.369,0
59.995,2.159,5.435,16.832,1859.579,1825.098,0
67.359,2.238,6.403,13.703,1789.954,1806.270,0
66.073,1.920,6.514,14.934,925.047,1823.937,0
63.983,1.704,5.640,12.463,1526.664,1699.538,0
60.940,2.469,6.645,15.392,903.855,1724.811,0
63.637,2.076,6.416,14.628,976.871,1740.244,0
55.326,2.438,6.421,14.465,1559.636,1737.381,0
67.882,2.052,5.452,17.373,1699.499,1731.124,0
55.960,2.514,5.781,13.391,1896.198,1797.807,0
55.627,1.730,6.580,15.061,171.233,1806.537,0
68.479,3.557,6.261,13.304,658.292,1747.823,0
53.177,2.167,6.721,14.367,2.917,1953.718,0
65.428,2.473,5.947,14.443,1922.415,1777.386,0
61.286,2.437,6.065,14.110,957.782,1684.915,0
64.746,1.389,5.959,15.897,1438.192,1710.532,0
65.043,1.196,6.725,14.135,1140.760,1662.161,0
63.106,3.438,5.552,10.456,1482.329,1733.890,0
62.113,2.063,5.844,13.820,1115.505,1761.893,0
61.395,2.904,5.960,11.766,1553.220,1829.077,0
57.883,1.124,6.309,13.641,1006.836,1791.012,0
86.383,3.399,5.402,16.123,1169.715,1736.961,1
56.157,2.218,6.018,11.319,1159.703,1741.744,0
60.427,1.192,5.533,15.108,853.969,1810.977,0
68.199,2.737,6.528,14.922,404.005,1791.907,0
61.287,1.214,6.199,15.395,1186.392,1812.266,0
64.310,2.402,5.387,13.970,421.474,1700.866,0
59.507,2.304,4.997,13.457,944.297,1828.322,0
65.687,2.888,5.785,15.835,341.031,1855.243,0
58.936,1.839,4.993,13.003,401.318,1651.567,0
56.670,2.019,5.798,14.861,1832.468,1764.294,0
66.169,2.002,5.414,14.317,242.118,1726.367,0
66.412,1.936,5.855,13.230,385.481,1739.720,0
59.739,3.129,5.868,13.795,1130.359,1762.514,0
74.968,2.081,6.262,16.602,19.026,1597.089,0
60.131,1.911,5.798,13.871,41.660,1747.041,0
62.145,2.471,6.399,12.763,1326.100,1718.662,0
63.059,2.776,5.955,14.385,111.334,1734.359,0
63.768,2.223,5.981,16.897,1207.569,1655.085,0
58.223,2.646,6.433,13.777,1696.618,1715.355,0
68.386,2.719,6.213,14.318,1203.545,1805.090,0
57.781,1.969,5.721,14.734,1275.181,1818.316,0
92.804,2.563,5.831,19.049,1003.654,1826.591,1
55.936,2.178,7.021,14.115,1544.510,1806.211,0
57.453,2.149,6.485,12.539,1890.853,1699.356,0
67.930,2.032,6.067,13.791,1967.045,1782.475,0
59.298,1.775,6.884,13.486,1302.547,1880.989,0
63.425,2.026,5.952,15.890,374.344,1747.475,0
61.828,2.811,6.098,11.515,1336.052,1922.063,0
49.885,2.090,5.127,14.891,1131.891,1711.514,0
61.176,2.163,6.132,15.010,1449.837,1824.060,0
75.358,8.444,6.398,17.277,2109.862,1799.853,1
54.768,0.555,5.744,14.126,401.840,1852.151,0
53.630,1.191,5.493,15.588,1251.363,1668.107,0
63.623,1.617,6.173,13.962,468.713,1688.110,0
63.086,2.242,6.586,13.432,1858.257,1744.948,0
66.380,2.066,5.184,12.463,1662.494,1795.772,0
91.081,4.261,5.327,20.396,1231.693,1641.242,1
61.888,1.870,5.232,14.931,241.016,1782.408,0
65.146,2.054,5.425,14.046,1705.686,1707.110,0
58.109,2.237,5.811,13.771,755.916,1698.512,0
64.777,2.966,6.420,14.557,405.296,1738.967,0
58.462,0.975,6.863,12.934,1689.750,1811.595,0
59.616,1.879,6.048,10.007,873.438,1849.722,0
86.861,4.871,4.980,17.924,1222.117,1600.424,1
53.940,1.682,6.039,16.032,21.972,1713.954,0
58.173,1.277,6.316,14.328,703.155,1733.067,0
66.376,2.258,6.668,13.661,1204.562,1800.676,0
62.218,2.353,5.767,13.750,427.861,1773.616,0
53.738,2.693,5.933,13.240,1407.277,1713.884,0
62.120,2.627,5.038,15.327,564.250,1749.301,0
60.135,1.774,5.933,12.996,451.312,1759.072,0
58.195,1.542,6.177,12.556,624.622,1712.070,0
55.649,1.938,5.609,13.269,953.841,1697.092,0
57.232,1.315,5.719,12.352,1047.128,1817.549,0
59.666,2.330,6.037,16.538,1415.955,1741.852,0
58.094,2.875,6.041,12.882,1596.618,1738.233,0
76.382,4.960,6.102,15.075,2053.069,1846.116,1
66.782,3.293,5.946,14.214,543.124,1738.839,0
57.858,3.286,5.828,16.799,1559.066,1840.570,0
73.494,2.967,6.393,14.905,156.568,1758.992,0
67.754,2.314,5.640,12.966,1213.066,1797.271,0
69.609,2.739,6.425,13.336,128.002,1712.837,0
71.270,4.399,5.871,13.151,2477.472,1823.111,1
73.708,4.570,6.285,16.410,1525.906,1524.857,1
53.848,1.646,6.167,13.616,368.406,1753.891,0
65.284,2.680,5.582,13.444,742.010,1675.788,0
68.897,2.784,6.274,14.309,345.399,1831.723,0
54.314,2.198,6.264,16.152,899.738,1734.951,0
56.372,1.659,7.138,14.389,1178.734,1697.544,0
62.427,3.202,6.064,13.039,159.877,1789.158,0
61.033,1.928,6.029,14.843,1087.075,1776.391,0
58.593,2.648,6.211,14.996,174.935,1734.823,0
72.131,1.744,6.867,14.953,627.319,1793.977,0
59.747,1.256,6.041,12.998,1321.894,1710.686,0
66.235,1.035,6.487,15.984,1638.439,1754.520,0
62.716,2.650,6.739,13.939,307.503,1751.504,0
59.402,1.821,5.822,16.581,110.913,1711.594,0
66.991,2.536,6.546,14.894,1889.573,1817.718,0
54.203,2.569,5.626,15.368,305.698,1786.981,0
71.728,1.898,6.238,14.393,1479.122,1677.757,0
69.911,3.340,6.251,12.882,1708.018,1815.104,0
56.711,2.177,6.143,15.317,411.038,1693.851,0
64.525,2.556,6.677,13.330,153.019,1779.358,0
69.409,2.478,5.468,13.626,986.235,1895.165,0
65.875,2.982,6.495,13.477,875.969,1826.207,0
61.825,2.461,6.597,15.704,84.073,1691.709,0
65.091,2.251,5.885,15.945,1725.625,1842.730,0
54.658,1.874,6.243,11.156,324.586,1808.160,0
53.598,0.881,6.534,12.638,1067.132,1612.100,0
64.451,1.847,6.527,16.163,571.233,1684.836,0
59.877,2.228,5.581,12.434,315.104,1731.081,0
58.354,2.574,6.410,14.486,468.740,1659.075,0
65.983,2.638,6.550,16.118,1140.436,1691.344,0
72.631,2.912,6.003,11.909,573.980,1605.073,0
57.824,1.482,7.321,11.701,1652.302,1819.535,0
54.485,2.357,6.254,13.877,833.296,1787.277,0
58.637,2.141,5.173,15.072,642.242,1747.824,0
58.845,2.060,6.194,15.766,1587.260,1719.761,0
69.892,2.753,6.136,14.222,1495.449,1719.584,0
57.442,1.297,5.870,14.654,978.365,1717.615,0
52.902,1.805,5.482,12.745,1598.215,1679.722,0
63.757,2.366,5.698,16.106,1271.278,1846.642,0
86.848,3.185,5.697,18.510,1165.431,1685.694,1
63.190,1.554,6.476,13.304,59.915,1677.461,0
58.179,2.099,5.932,14.311,234.587,1746.402,0
57.949,1.913,5.908,14.869,1847.600,1725.113,0
63.374,2.233,6.584,11.793,265.842,1743.296,0
64.711,2.571,6.205,14.801,352.324,1763.912,0
63.037,2.688,5.552,14.593,1578.400,1756.555,0
66.680,2.003,6.601,12.744,1750.482,1717.754,0
52.248,2.223,5.380,14.153,538.711,1878.593,0
63.218,2.936,5.898,13.878,1083.945,1785.262,0
61.904,1.263,5.992,11.132,504.040,1799.129,0
61.716,1.898,7.248,15.593,881.836,1819.937,0
60.903,2.036,5.934,13.378,953.809,1758.204,0
56.492,1.687,6.931,12.950,190.541,1838.768,0
62.535,2.120,5.365,15.160,999.552,1750.416,0
62.903,2.379,5.516,12.884,1243.341,1761.631,0
67.919,1.891,6.799,15.746,1015.813,1771.980,0
66.272,2.691,5.123,14.080,1801.749,1714.283,0
68.934,2.924,6.228,13.340,387.904,1770.122,0
55.489,1.749,6.560,10.577,38.093,1793.646,0
61.458,2.653,6.115,10.808,1272.708,1692.690,0
69.306,2.835,6.472,13.253,304.228,1850.114,0
64.818,1.957,5.277,14.959,1223.198,1798.445,0
65.433,2.544,6.131,15.625,1651.539,1771.823,0
47.184,1.856,5.971,13.267,1294.698,1725.875,0
56.267,2.487,5.634,12.048,1946.403,1693.086,0
71.328,1.052,6.011,14.398,349.826,1695.169,0
71.339,2.894,6.032,11.807,1985.372,1754.568,0
52.688,2.004,5.422,13.633,91.270,1896.548,0
54.938,2.544,5.221,11.807,1504.834,1749.114,0
58.832,2.316,6.107,15.289,1672.063,1697.311,0
54.637,0.614,5.347,14.336,1832.409,1805.936,0
71.444,2.672,5.134,13.557,1507.230,1695.908,0
63.407,6.473,5.363,14.148,2022.563,1527.515,1
66.102,1.799,5.537,12.177,1559.793,1707.575,0
56.068,2.636,5.913,12.981,1886.156,1735.619,0
63.805,1.245,5.943,16.992,102.942,1827.036,0
57.802,1.583,6.655,12.350,1347.650,1766.916,0
93.514,3.646,6.202,20.870,1589.568,1570.907,1
59.645,1.989,5.921,15.520,558.153,1658.071,0
68.577,2.471,6.029,13.930,226.749,1732.059,0
63.537,2.652,6.186,13.556,796.999,1779.261,0
61.642,2.094,6.195,12.436,988.219,1748.884,0
62.539,2.524,6.280,13.081,1405.897,1880.785,0
63.696,2.647,6.383,14.980,294.630,1708.699,0
60.113,2.051,5.487,13.598,118.129,1661.107,0
67.322,2.069,5.760,15.280,948.650,1864.997,0
53.494,1.126,6.355,16.767,1371.626,1793.944,0
59.707,1.463,6.367,12.214,585.851,1891.066,0
59.758,2.186,5.873,17.618,1167.138,1672.497,0
58.617,1.858,5.665,12.236,1024.188,1710.586,0
51.659,1.824,6.002,12.195,732.616,1900.547,0
60.533,1.532,6.652,13.107,570.432,1751.929,0
60.703,1.444,5.886,10.252,964.098,1663.927,0
61.446,2.824,5.967,12.953,1282.446,1694.016,0
65.246,1.757,5.708,12.764,908.809,1866.168,0
60.838,2.612,6.147,12.792,1891.195,1801.497,0
63.168,2.537,5.086,14.062,1680.300,1754.709,0
63.087,1.729,6.483,15.273,1465.412,1739.306,0
62.362,2.490,6.697,12.931,1292.919,1626.093,0
55.692,1.606,5.259,12.864,1934.589,1684.549,0
56.522,2.425,5.554,12.875,164.781,1686.563,0
69.467,7.710,5.383,16.512,1803.383,1560.168,1
65.767,3.258,5.559,14.443,626.043,1723.762,0
61.535,2.056,6.774,14.394,1076.496,1711.708,0
89.825,4.924,7.055,22.782,1135.104,1679.371,1
57.229,1.087,6.330,11.946,1008.890,1620.503,0
61.662,1.789,6.128,16.310,1811.410,1812.797,0
56.351,1.267,6.829,12.569,496.341,1659.443,0
64.336,1.848,6.532,14.270,808.196,1704.600,0
73.215,2.206,5.890,14.344,1797.300,1741.068,0
60.844,1.990,5.320,13.680,1237.213,1791.949,0
59.935,2.020,5.906,10.353,1856.858,1821.513,0
65.097,2.215,6.141,11.529,1653.084,1760.482,0
59.484,2.393,6.620,15.287,658.766,1823.038,0
73.586,3.029,5.428,14.769,1919.425,1824.495,0
72.082,3.302,5.941,13.077,1181.933,1718.586,0
65.422,2.406,5.946,13.085,471.046,1829.488,0
54.872,2.074,5.602,15.247,1338.752,1767.936,0
59.797,3.724,5.887,12.887,89.118,1734.591,0
67.568,2.971,7.349,13.693,391.018,1799.114,0
71.480,2.914,5.897,14.389,1603.495,1794.028,0
60.202,2.096,5.143,14.842,466.032,1675.663,0
60.116,1.664,5.627,14.462,1066.793,1701.264,0
56.395,1.603,5.106,13.531,899.675,1808.632,0
60.783,2.242,5.920,13.216,1869.431,1762.445,0
65.469,3.099,6.130,15.186,52.732,1765.652,0
66.157,2.018,5.147,14.468,1020.588,1792.924,0
67.399,2.123,5.720,15.971,71.320,1790.529,0
66.805,2.264,5.593,13.364,1817.413,1677.417,0
66.063,2.135,5.420,15.093,513.043,1803.438,0
55.844,2.185,6.102,13.050,349.824,1752.244,0
69.835,2.853,6.137,14.017,1805.679,1721.753,0
65.599,2.694,6.149,16.195,951.641,1698.651,0
70.007,1.854,5.983,15.286,984.245,1788.749,0
78.979,3.177,5.138,15.241,2103.122,1677.365,1
56.144,1.842,5.786,13.534,1114.080,1640.964,0
53.114,2.449,6.696,11.834,659.075,1781.824,0
88.612,4.287,4.777,19.347,1463.239,1686.251,1
65.755,2.779,5.938,13.701,242.638,1731.360,0
50.505,1.894,6.445,14.633,1310.781,1861.131,0
58.980,1.756,6.080,13.949,912.278,1752.797,0
56.143,2.147,5.808,13.638,999.389,1807.844,0
59.797,2.498,5.793,14.742,800.057,1662.839,0
59.164,0.936,6.141,12.882,1174.870,1742.768,0
72.254,3.198,6.281,15.173,1482.415,1800.827,0
60.867,1.785,6.045,15.876,540.061,1712.902,0
63.860,2.866,5.775,15.236,1918.234,1807.836,0
61.799,2.891,5.873,15.363,1877.171,1852.235,0
52.730,2.266,5.435,12.038,333.612,1764.966,0
73.576,2.449,5.970,16.137,312.874,1714.806,0
66.882,2.128,5.289,15.277,1719.611,1690.148,0
62.829,2.441,5.967,14.603,1764.860,1655.789,0
60.638,2.751,6.046,13.042,240.808,1882.832,0
56.650,1.149,4.890,12.642,1323.291,1617.246,0
52.667,2.388,5.889,11.961,1642.779,1760.499,0
63.909,2.860,6.218,12.651,727.821,1627.993,0
65.863,2.228,5.011,14.428,1099.314,1726.644,0
61.531,1.682,5.660,14.431,287.489,1707.976,0
62.620,2.224,5.215,14.249,285.027,1720.199,0
59.257,1.967,5.848,14.308,876.694,1802.689,0
61.423,2.380,6.395,15.243,475.846,1797.859,0
54.343,3.265,5.326,11.779,1570.727,1810.405,0
64.285,2.677,6.027,13.086,1593.365,1708.069,0
64.476,2.331,5.438,15.450,214.532,1693.939,0
66.589,2.559,6.094,15.116,173.995,1635.338,0
49.429,3.374,6.319,13.815,1376.341,1852.634,0
67.547,1.744,6.175,14.363,799.374,1710.908,0
62.002,1.968,6.198,14.721,1546.062,1646.926,0
64.058,3.171,6.256,13.618,1879.187,1928.575,0
66.994,2.178,6.043,14.268,808.329,1730.725,0
64.243,3.128,6.817,14.478,616.713,1698.229,0
71.602,2.935,5.074,13.495,1955.291,1658.594,0
53.195,1.957,5.837,13.058,1042.840,1780.399,0
66.501,1.399,5.916,14.693,420.492,1787.737,0
55.861,2.252,5.699,15.138,278.150,1865.879,0
63.444,2.655,5.728,11.806,979.637,1665.290,0
55.784,1.600,5.884,11.912,562.580,1822.502,0
52.926,1.596,6.932,14.742,1944.373,1770.666,0
62.817,1.299,5.858,12.919,923.194,1788.104,0
64.438,1.458,5.879,14.476,1443.008,1661.635,0
59.412,1.917,5.757,14.145,1374.734,1811.385,0
61.569,2.545,6.337,13.150,1369.589,1636.653,0
65.238,2.240,6.358,14.121,930.919,1793.720,0
58.592,2.030,6.503,14.829,1927.006,1648.656,0
61.495,1.443,5.884,13.992,1362.204,1770.849,0
62.555,1.963,5.480,15.237,1342.484,1800.529,0
62.948,2.835,6.235,16.918,1802.805,1710.988,0
55.077,1.788,6.065,11.652,684.201,1702.848,0
64.506,2.152,5.824,15.997,965.226,1717.260,0
57.441,1.404,6.057,12.593,261.859,1821.624,0
60.005,2.313,5.674,13.550,897.313,1796.985,0
59.506,1.731,5.586,12.992,324.544,1791.879,0
67.139,2.458,5.802,12.551,651.540,1760.801,0
64.355,2.180,5.449,13.851,1706.890,1686.940,0
67.486,2.245,6.884,15.410,979.052,1714.887,0
52.264,1.977,5.781,13.255,1743.638,1871.051,0
58.009,2.118,5.933,10.433,1565.979,1796.595,0
62.774,2.673,4.762,12.742,434.678,1728.749,0
57.796,2.161,5.917,10.845,1088.705,1808.319,0
54.899,1.370,5.802,12.946,1394.964,1849.395,0
67.331,1.842,5.762,16.018,226.509,1837.910,0
70.415,1.800,6.284,13.346,1528.275,1765.578,0
60.921,2.551,5.825,15.169,194.409,1760.699,0
60.592,2.240,5.788,12.046,1255.896,1766.925,0
62.651,2.469,6.395,12.812,361.852,1769.921,0
58.823,2.692,6.212,12.244,1466.460,1678.569,0
60.002,1.946,6.349,13.975,1091.010,1786.823,0
73.181,2.921,5.975,16.911,115.479,1718.425,0
65.079,2.903,6.353,16.103,1022.361,1754.517,0
65.528,2.442,5.991,13.053,295.577,1729.455,0
54.369,2.605,5.623,16.444,944.944,1786.332,0
66.083,2.507,5.809,15.907,468.892,1755.492,0
62.768,1.364,5.910,14.240,1539.745,1759.012,0
64.194,2.100,5.145,10.676,335.817,1731.824,0
61.713,2.368,5.890,15.653,1237.565,1780.208,0
56.961,1.823,5.990,12.330,835.814,1719.672,0
72.642,4.783,5.975,15.947,2134.673,1667.573,1
60.465,2.021,6.151,14.043,1866.802,1660.891,0
68.747,2.369,6.026,12.587,1613.687,1788.297,0
57.338,2.327,5.724,12.542,1416.635,1711.191,0
68.962,2.254,5.369,13.107,46.060,1705.539,0
66.962,1.736,6.982,12.717,1077.807,1682.913,0
65.127,1.397,6.188,14.302,1140.301,1755.135,0
53.008,2.770,5.948,10.012,90.303,1826.615,0
55.812,2.523,5.894,15.839,1931.921,1705.451,0
54.844,0.867,5.952,11.052,1576.006,1636.774,0
66.509,2.182,6.451,15.890,732.299,1786.016,0
55.757,2.554,6.684,15.300,666.898,1720.455,0
65.172,1.799,6.617,13.716,126.730,1748.659,0
60.669,1.548,5.645,10.247,722.289,1594.343,0
54.689,1.895,6.277,13.905,223.999,1672.783,0
62.911,2.375,5.786,15.371,695.834,1820.899,0
70.557,3.135,6.344,15.489,926.724,1780.816,0
58.892,2.198,5.079,14.199,1519.782,1746.329,0
65.634,2.512,6.574,16.261,1016.053,1774.153,0
61.555,2.598,6.354,12.671,1529.713,1714.297,0
60.606,2.984,5.497,15.027,236.761,1818.635,0
63.855,2.069,5.226,13.885,684.064,1812.807,0
70.569,2.866,6.290,15.474,1895.639,1763.502,0
63.266,2.856,6.052,13.571,630.433,1774.419,0
62.835,2.019,6.198,13.178,503.102,1706.402,0
70.493,2.395,5.260,15.299,1305.644,1809.403,0
61.730,2.676,6.431,15.217,568.830,1815.973,0
61.564,2.742,6.642,14.969,1690.767,1783.268,0
57.180,1.771,5.446,16.826,913.007,1766.597,0
62.651,1.954,6.053,16.670,1941.710,1768.391,0
73.967,7.727,5.215,13.625,2065.337,1718.503,1
59.505,1.890,6.577,17.230,1994.405,1721.665,0
65.257,2.838,6.522,15.656,1200.607,1757.624,0
67.501,2.996,5.544,16.021,55.668,1679.723,0
74.236,3.428,6.607,14.279,400.686,1644.808,0
59.006,1.450,6.419,13.193,71.222,1796.761,0
69.003,2.468,6.234,16.558,195.111,1783.205,0
87.174,4.032,6.014,18.606,971.692,1688.538,1
58.665,2.300,6.395,11.014,679.302,1725.123,0
64.952,3.057,5.689,14.875,279.125,1746.508,0
64.397,1.447,5.288,14.315,1363.133,1814.707,0
54.479,1.824,6.828,11.445,1407.249,1702.182,0
65.094,2.308,5.765,13.146,385.213,1815.640,0
63.833,1.960,5.577,15.939,1295.879,1711.233,0
65.294,2.126,5.500,16.044,1460.484,1784.171,0
50.984,2.179,5.577,10.596,297.133,1787.575,0
60.953,2.362,6.673,13.533,568.495,1716.599,0
72.573,2.715,6.012,12.915,269.799,1645.040,0
54.947,1.474,6.435,12.820,629.037,1756.126,0
56.504,1.538,6.434,14.440,876.024,1637.044,0
59.158,2.494,5.975,15.315,64.562,1713.785,0
73.312,1.531,5.940,14.440,1141.881,1745.657,0
55.058,1.751,6.665,13.283,269.565,1757.023,0
46.820,1.556,6.191,15.717,301.999,1758.827,0
65.056,1.403,6.259,15.033,1988.255,1948.353,0
66.895,2.212,4.941,15.163,840.243,1739.552,0
59.068,1.501,5.732,15.559,392.505,1788.812,0
72.808,2.411,6.373,16.246,1334.072,1776.299,0
60.916,2.834,6.035,15.901,817.772,1595.507,0
65.661,2.324,6.952,13.830,334.071,1743.250,0
99.784,3.241,3.990,19.308,874.752,1855.483,1
67.905,2.174,5.801,13.784,1799.557,1670.424,0
57.929,3.065,6.386,13.988,1390.488,1702.294,0
70.162,1.775,5.532,16.061,608.349,1842.600,0
52.299,0.858,6.176,11.879,337.546,1756.798,0
72.224,1.818,5.249,16.091,1250.904,1723.838,0
64.285,2.106,6.144,16.684,6.559,1766.939,0
64.510,2.454,7.145,15.607,153.006,1854.058,0
70.385,2.967,6.640,13.389,1721.681,1672.659,0
61.166,1.251,5.543,13.163,415.715,1719.099,0
58.927,2.648,5.175,16.891,121.398,1765.055,0
66.584,2.756,6.053,11.028,515.280,1741.786,0
57.909,1.540,5.788,13.247,722.629,1720.786,0
57.061,2.117,4.887,15.005,1658.069,1745.871,0
58.785,2.496,6.120,14.819,518.861,1858.407,0
62.890,1.699,6.146,13.953,894.940,1761.465,0
70.888,3.236,6.346,15.694,326.049,1738.444,0
56.602,1.671,4.917,15.563,1800.340,1766.307,0
66.886,1.577,5.768,15.339,835.025,1773.617,0
67.112,2.386,6.670,12.445,1406.270,1818.174,0
62.987,2.816,5.155,18.541,1929.864,1684.344,0
62.314,2.443,6.205,12.023,1777.147,1792.369,0
58.547,2.121,5.871,16.426,100.253,1670.805,0
52.573,1.993,5.747,12.837,311.724,1706.566,0
60.649,0.758,5.438,13.761,1872.030,1729.999,0
63.651,2.343,5.449,13.151,1620.447,1767.699,0
68.091,2.180,6.021,14.659,730.186,1765.639,0
54.762,1.492,6.325,13.229,610.204,1631.564,0
57.011,2.979,7.336,14.982,1227.846,1710.753,0
63.373,1.663,5.838,13.228,1339.710,1716.722,0
64.548,2.291,6.478,15.318,917.340,1724.966,0
61.907,1.826,6.479,12.808,1751.847,1802.852,0
69.044,3.075,6.875,14.309,1604.071,1713.505,0
64.286,2.083,6.226,14.115,675.007,1746.007,0
67.212,2.300,6.901,14.235,984.460,1800.607,0
62.719,1.741,6.610,15.488,1289.871,1741.120,0
61.658,2.453,6.079,15.175,1138.061,1721.410,0
64.798,1.558,6.531,13.763,527.603,1804.904,0
56.216,1.618,5.313,15.425,547.758,1760.682,0
63.132,2.079,6.074,14.125,1114.827,1651.458,0
61.729,1.839,7.144,10.498,1844.041,1797.499,0
58.807,2.027,5.997,13.499,296.331,1844.812,0
59.209,1.769,6.813,15.496,1828.405,1720.183,0
64.492,2.725,5.566,17.440,1741.876,1825.643,0
62.625,1.238,5.796,14.344,1295.857,1858.664,0
62.382,2.464,6.509,12.335,90.447,1710.017,0
65.955,2.095,6.862,14.669,1658.613,1692.078,0
65.966,1.893,5.976,14.367,1137.787,1719.289,0
67.078,2.857,6.166,15.266,1115.499,1780.179,0
68.121,3.289,6.484,15.128,1290.294,1858.715,0
64.707,1.696,6.053,12.809,649.812,1805.745,0
57.029,2.168,6.371,12.506,1173.461,1758.259,0
57.777,2.240,6.274,13.319,745.738,1715.958,0
65.767,2.044,5.831,14.408,1894.022,1761.615,0
54.172,1.644,5.972,14.532,647.621,1792.001,0
63.559,1.269,6.863,12.339,566.983,1636.747,0
63.817,1.994,6.463,13.687,1317.860,1752.576,0
56.853,3.222,6.385,15.246,1664.501,1713.900,0
59.118,2.083,6.102,13.718,391.881,1753.727,0
57.308,2.542,5.996,11.271,1899.925,1872.244,0
67.434,1.990,5.851,14.010,686.404,1822.415,0
64.617,2.545,6.110,13.247,197.022,1821.732,0
68.127,2.554,6.397,11.987,1245.593,1832.533,0
54.653,1.432,5.895,13.300,696.829,1710.997,0
59.961,1.932,6.573,13.958,481.078,1712.600,0
59.609,2.434,5.634,15.454,1777.333,1766.158,0
66.988,2.044,5.448,15.382,1243.924,1809.337,0
64.991,2.279,6.237,15.314,1228.667,1644.293,0
57.524,1.473,5.922,12.745,446.638,1738.504,0
71.839,2.539,6.490,14.947,1623.885,1738.359,0
74.399,1.964,5.509,13.637,874.407,1697.491,0
58.025,2.477,6.059,12.042,107.570,1857.489,0
58.977,2.678,4.787,13.150,699.494,1792.668,0
58.842,2.162,7.116,11.113,1651.073,1793.304,0
64.206,2.535,6.509,14.056,1289.753,1690.584,0
68.355,1.693,6.593,14.806,1880.732,1813.921,0
56.983,1.532,6.168,13.944,780.193,1751.293,0
69.006,2.708,5.292,12.358,954.634,1687.192,0
54.794,2.681,6.029,11.437,98.544,1801.482,0
54.229,1.953,6.567,9.599,178.708,1762.737,0
61.374,1.999,5.808,15.663,214.042,1791.577,0
62.068,1.902,6.047,12.610,684.921,1647.432,0
61.136,1.726,6.096,13.317,879.295,1732.098,0
54.273,2.055,6.352,13.787,1695.222,1770.953,0
57.731,2.707,6.006,12.949,473.463,1791.566,0
65.203,2.536,6.320,15.473,673.286,1599.805,0
70.875,1.261,6.479,13.046,577.498,1747.577,0
67.580,2.239,6.388,13.430,1444.497,1710.868,0
70.915,3.182,6.180,13.440,802.703,1785.940,0
60.821,2.503,6.958,11.057,1510.727,1729.411,0
66.174,2.927,6.011,12.064,814.471,1834.781,0
53.972,2.033,5.405,11.319,444.657,1664.143,0
65.614,2.047,5.643,15.066,757.716,1738.031,0
70.092,2.144,6.243,12.867,552.074,1839.570,0
63.223,2.247,6.126,12.140,1867.372,1744.164,0
64.846,3.314,5.683,13.988,1749.667,1726.672,0
56.628,1.402,5.914,13.193,574.478,1744.057,0
54.389,2.037,5.271,13.451,871.908,1871.759,0
60.476,2.599,5.977,17.273,111.712,1746.830,0
65.013,2.306,6.195,15.133,1930.410,1681.852,0
54.304,2.876,4.886,12.294,1200.953,1723.881,0
64.959,1.458,5.822,14.035,335.452,1781.923,0
63.785,1.995,6.294,13.614,1787.949,1762.771,0
64.327,2.890,5.331,14.570,1554.913,1708.117,0
64.601,1.836,6.502,13.004,750.077,1727.646,0
60.395,2.249,6.020,13.408,625.558,1690.733,0
54.337,1.349,4.673,13.258,1724.982,1764.041,0
48.034,2.151,4.664,17.072,781.206,1754.176,0
63.285,1.943,6.196,16.206,1200.978,1686.737,0
58.633,2.453,6.157,15.989,322.821,1767.711,0
64.812,2.412,6.408,13.625,644.616,1744.737,0
72.223,3.154,6.102,14.819,633.993,1661.166,0
64.132,2.988,6.362,13.835,636.107,1827.143,0
62.678,1.648,6.131,12.421,1316.753,1641.009,0
68.972,2.698,5.699,16.845,1015.957,1774.153,0
61.171,2.042,6.343,14.456,414.496,1755.744,0
56.601,1.194,5.635,14.711,130.493,1723.940,0
62.201,2.789,5.925,13.276,190.323,1731.904,0
62.428,1.893,5.287,14.124,485.939,1736.808,0
53.578,2.516,6.246,16.091,74.927,1711.968,0
55.805,2.076,5.295,11.873,597.276,1786.336,0
63.469,1.092,6.586,14.802,593.698,1773.663,0
67.217,2.356,5.898,13.789,1483.122,1831.923,0
62.489,2.298,5.377,12.689,1901.219,1704.762,0
64.280,1.998,5.211,13.884,1240.153,1711.274,0
52.469,1.925,6.650,13.735,566.004,1756.201,0
63.497,7.665,5.890,15.094,1959.359,1494.332,1
56.307,2.570,5.504,15.881,1862.567,1749.205,0
69.615,2.626,5.010,15.393,517.258,1716.706,0
58.439,1.561,5.684,14.595,1484.543,1737.067,0
68.105,2.469,5.840,12.716,172.064,1796.347,0
61.619,2.591,6.483,13.661,1484.618,1734.113,0
59.834,2.201,6.008,12.810,826.148,1734.925,0
77.636,8.741,5.328,15.497,1760.272,1925.883,1
69.502,2.363,5.665,14.580,1672.293,1727.990,0
59.912,2.165,6.034,15.935,403.523,1699.957,0
58.910,1.870,6.705,14.574,347.803,1686.766,0
59.730,2.399,6.196,13.570,1828.855,1737.258,0
60.782,2.040,6.747,13.766,1987.975,1807.688,0
63.145,2.011,6.722,11.967,41.914,1629.295,0
57.480,1.477,6.212,15.004,746.225,1721.662,0
60.146,1.881,6.979,12.883,1112.983,1673.995,0
58.399,1.995,5.962,12.097,521.276,1753.233,0
61.170,2.168,6.407,14.114,1515.524,1733.265,0
61.365,1.796,6.130,13.247,455.176,1741.370,0
57.305,1.761,6.257,14.636,89.621,1860.746,0
63.190,2.422,6.126,12.780,337.138,1837.260,0
69.239,7.918,5.560,16.905,2431.497,1725.660,1
65.962,2.831,6.673,16.789,866.176,1737.682,0
73.580,8.054,5.466,15.568,2141.644,1489.847,1
57.692,1.706,6.281,13.308,161.869,1721.086,0
60.136,1.633,6.636,14.413,1613.953,1812.170,0
67.572,2.788,5.363,16.175,327.366,1759.658,0
60.018,2.086,5.743,16.487,461.998,1693.969,0
55.704,2.761,5.629,12.603,1179.381,1786.369,0
58.762,1.111,5.728,12.059,686.823,1717.065,0
59.670,1.633,6.100,12.557,1898.688,1762.886,0
56.672,1.733,5.699,13.275,515.648,1774.777,0
57.203,2.602,6.056,12.689,627.240,1759.630,0
56.779,2.249,6.353,15.565,1286.209,1780.868,0
63.488,2.270,5.716,15.297,367.654,1795.067,0
56.096,2.027,5.956,14.708,1899.276,1824.595,0
68.989,1.274,5.143,14.259,488.266,1673.377,0
71.818,5.780,6.554,17.654,1620.072,1558.124,1
65.450,2.093,7.241,14.607,119.963,1753.534,0
61.644,2.650,6.524,13.832,522.946,1733.081,0
63.636,2.075,6.487,13.856,1477.521,1814.309,0
64.993,1.603,5.554,14.088,166.268,1754.452,0
57.474,3.420,5.596,13.033,180.585,1721.102,0
64.126,2.714,6.178,13.693,1618.474,1740.368,0
59.221,3.019,6.456,14.901,1709.251,1707.270,0
51.401,2.374,6.572,13.167,1245.337,1808.193,0
63.113,2.602,6.039,13.413,90.387,1723.301,0
58.261,1.963,5.470,12.831,866.437,1775.975,0
50.966,1.643,5.547,12.314,1909.723,1767.680,0
58.877,1.960,6.950,13.261,1369.799,1844.143,0
91.104,4.057,4.188,19.955,1770.536,1590.708,1
59.740,1.865,5.529,13.841,581.702,1749.562,0
63.093,1.595,6.631,16.210,271.132,1699.912,0
54.712,1.973,6.349,14.264,1745.002,1781.350,0
56.481,2.299,6.158,11.508,1085.849,1796.618,0
72.445,1.795,5.199,13.645,1857.022,1754.633,0
64.556,2.814,5.745,14.233,1625.076,1769.978,0
68.638,2.188,6.017,14.932,558.952,1727.895,0
59.474,2.075,6.034,15.341,1483.680,1782.823,0
57.408,2.427,6.328,10.594,682.901,1730.956,0
66.890,2.175,6.368,13.672,777.543,1809.389,0
53.296,2.413,4.878,13.927,1519.943,1771.214,0
64.073,1.892,6.575,13.135,1585.423,1783.189,0
68.507,2.597,6.486,13.600,657.914,1763.721,0
62.014,2.250,5.989,13.391,1751.170,1823.879,0
64.087,2.405,5.614,12.997,1835.161,1819.245,0
63.089,2.526,6.000,13.464,1388.748,1704.834,0
55.003,2.653,6.818,13.968,829.543,1658.899,0
63.551,3.102,6.253,16.166,534.225,1695.579,0
58.465,2.217,6.003,15.135,1695.301,1785.982,0
56.013,2.994,6.626,15.024,207.480,1753.434,0
48.886,1.939,5.823,11.970,1464.919,1748.213,0
53.785,2.023,6.258,15.071,1230.505,1779.406,0
58.524,2.192,5.965,14.521,1194.754,1730.299,0
62.665,2.323,5.797,15.222,678.250,1673.939,0
64.934,2.604,5.914,15.222,813.204,1905.184,0
67.071,4.886,5.114,14.978,2082.265,1681.711,1
64.978,1.954,6.465,16.420,1635.584,1788.797,0
57.629,1.450,5.873,13.856,907.487,1676.481,0
54.993,1.682,6.048,13.288,1690.710,1740.220,0
62.356,7.088,6.231,17.373,1831.112,1721.596,1
56.983,2.054,5.686,12.555,1018.632,1767.614,0
63.322,1.555,6.133,13.451,1307.994,1722.831,0
64.846,2.448,6.240,15.665,14.424,1761.120,0
60.655,1.174,5.973,14.317,356.415,1822.928,0
61.177,2.274,5.056,15.620,1390.385,1687.997,0
60.669,1.808,5.715,11.146,1381.505,1806.210,0
72.884,1.898,5.766,16.051,1036.062,1761.665,0
61.650,2.396,6.752,13.046,1497.250,1737.386,0
78.898,3.200,5.153,14.175,856.038,1890.995,0
54.279,1.581,6.985,14.299,1754.751,1728.494,0
64.890,1.485,5.860,14.054,1859.598,1792.274,0
61.299,2.816,6.210,11.515,214.234,1793.781,0
63.986,3.339,5.751,14.083,867.479,1752.419,0
65.535,2.728,6.922,11.757,1079.866,1754.398,0
71.374,5.057,6.686,12.505,2581.218,1711.218,1
54.477,1.369,5.506,14.777,885.676,1780.714,0
56.543,1.104,4.963,13.834,1970.498,1857.371,0
67.698,3.209,5.671,15.298,1911.289,1669.772,0
50.541,2.058,5.573,12.167,6.664,1755.152,0
63.387,1.858,5.873,13.570,873.445,1609.476,0
61.879,2.602,5.975,11.227,959.044,1672.091,0
57.316,1.501,5.868,12.385,1331.899,1777.894,0
62.915,1.932,6.143,15.258,1521.376,1735.469,0
66.202,2.179,5.828,13.297,640.729,1704.354,0
63.889,2.494,6.006,13.614,1742.486,1734.870,0
54.807,1.954,6.185,12.396,174.917,1870.046,0
68.481,2.603,6.379,15.928,702.396,1710.156,0
56.566,3.187,6.288,14.634,1819.298,1851.222,0
70.454,2.764,5.658,13.628,344.413,1700.639,0
61.837,2.700,6.234,13.718,588.326,1817.466,0
62.307,2.238,5.205,15.532,1320.391,1732.153,0
61.264,2.219,6.672,14.190,796.861,1808.285,0
64.934,2.122,6.328,13.318,1781.705,1778.043,0
60.914,1.806,5.759,13.745,1561.735,1777.116,0
61.213,1.587,5.893,13.386,1837.874,1762.345,0
62.109,1.265,6.250,12.677,1957.263,1620.948,0
57.040,1.703,5.739,15.425,1033.422,1771.859,0
62.112,1.608,5.891,14.908,805.362,1762.808,0
59.390,2.121,5.798,13.470,431.193,1786.735,0
62.359,2.300,5.259,14.591,1778.384,1754.613,0
55.553,2.393,6.096,15.631,1187.176,1763.896,0
61.700,1.107,7.106,16.737,74.666,1724.657,0
60.815,2.565,6.636,15.330,1927.897,1701.945,0
64.755,2.562,6.261,12.014,710.964,1812.845,0
63.083,2.111,6.416,15.209,741.851,1719.495,0
48.263,0.922,5.909,12.555,1983.684,1724.952,0
58.575,1.575,5.244,12.691,1188.582,1651.812,0
62.612,2.895,6.487,15.362,1425.748,1836.976,0
58.898,2.018,6.240,11.316,207.401,1724.974,0
60.086,2.083,6.115,16.503,1207.907,1879.990,0
63.681,1.670,5.600,16.360,1459.794,1769.134,0
69.533,2.963,5.183,14.650,15.116,1737.210,0
59.949,2.165,5.711,12.727,625.778,1663.573,0
68.930,2.135,5.788,11.402,386.413,1730.453,0
61.018,2.370,5.729,10.426,1643.829,1772.783,0
73.772,2.175,6.367,14.601,135.521,1701.575,0
62.519,2.974,6.016,16.323,1131.677,1712.567,0
61.688,2.065,5.459,13.476,421.301,1842.164,0
64.228,2.388,5.576,12.063,835.526,1710.606,0
68.585,1.869,6.243,13.075,612.905,1722.049,0
61.005,1.941,5.749,12.570,315.996,1809.082,0
57.796,1.754,5.943,12.797,1675.666,1704.183,0
64.937,2.354,6.952,16.051,1996.578,1770.480,0
53.279,2.768,5.489,14.614,203.679,1812.309,0
70.501,1.961,5.778,16.557,1343.954,1662.923,0
64.442,2.587,6.155,12.471,676.815,1834.929,0
63.377,2.464,6.167,14.062,1700.938,1748.705,0
64.306,1.532,6.035,15.643,160.949,1639.024,0
62.932,2.624,5.479,12.343,229.751,1736.944,0
68.705,2.544,5.700,13.340,1156.930,1722.713,0
68.253,2.612,5.901,16.300,1411.105,1752.907,0
71.355,2.256,6.948,12.372,85.640,1698.078,0
62.595,2.638,7.147,13.528,1619.370,1778.335,0
65.140,2.188,5.326,15.411,832.958,1748.332,0
62.509,1.568,5.841,16.049,1923.754,1689.181,0
56.541,2.835,4.920,13.589,1395.390,1752.223,0
64.220,2.384,6.358,16.148,676.094,1730.149,0
51.817,1.429,5.556,13.128,564.319,1765.083,0
73.454,6.255,5.369,16.785,2032.410,1875.341,1
56.132,1.435,6.036,9.695,234.542,1589.304,0
63.556,2.981,5.796,15.023,1010.950,1711.158,0
63.692,2.136,6.292,13.587,1582.081,1764.764,0
59.649,2.389,6.487,14.397,501.890,1723.226,0
71.236,2.535,5.646,16.010,469.477,1782.644,0
59.181,1.212,6.877,14.035,881.262,1684.891,0
61.473,2.874,5.359,14.504,979.531,1708.780,0
65.286,1.505,5.577,15.610,1962.228,1644.695,0
62.241,1.591,6.460,15.228,1674.692,1814.249,0
65.262,2.282,6.286,17.436,65.636,1732.120,0
59.100,2.016,6.613,13.757,621.072,1743.592,0
64.504,1.796,6.023,13.410,1901.198,1711.053,0
62.546,2.320,5.318,11.204,569.000,1806.790,0
56.887,3.332,6.119,12.039,1952.104,1820.332,0
56.899,2.118,5.462,15.645,32.586,1765.819,0
64.940,1.708,5.807,12.340,1825.130,1774.805,0
59.923,1.815,5.916,14.880,1427.721,1683.563,0
65.550,2.296,7.050,13.270,867.575,1751.206,0
67.447,2.041,4.996,15.371,1473.977,1730.578,0
59.492,2.038,6.399,12.693,891.196,1799.797,0
58.358,2.291,6.171,13.710,468.721,1751.890,0
68.187,2.350,5.245,14.185,1788.156,1742.371,0
52.247,1.396,5.756,13.940,1721.086,1681.314,0
58.442,3.524,5.807,13.892,121.713,1745.807,0
54.630,2.310,6.491,13.381,1925.009,1672.967,0
61.953,2.187,5.738,13.122,1147.393,1760.297,0
60.985,2.561,5.761,12.197,1454.989,1685.767,0
52.646,1.860,6.099,11.809,1205.753,1747.397,0
64.931,1.769,7.050,14.325,759.505,1750.027,0
64.550,3.241,5.671,15.239,124.058,1725.197,0
58.238,2.509,5.536,11.503,607.783,1656.595,0
61.947,1.866,6.249,15.021,67.088,1687.418,0
66.512,2.447,6.486,11.301,973.589,1748.251,0
62.935,2.230,6.221,14.007,404.264,1807.726,0
61.027,1.160,6.007,15.431,1231.916,1798.000,0
54.236,1.413,6.821,14.584,1330.863,1746.120,0
59.804,2.372,6.748,13.374,139.888,1721.990,0
62.436,2.608,5.858,14.446,1734.831,1762.380,0
62.327,2.197,6.486,12.091,1335.642,1839.917,0
65.079,2.473,5.860,14.065,425.412,1612.419,0
58.668,2.053,6.580,15.944,198.222,1749.469,0
60.332,1.798,6.864,12.189,383.876,1753.338,0
56.092,2.032,5.764,14.610,1508.919,1737.289,0
66.959,2.811,6.457,12.737,1961.581,1771.516,0
62.001,1.669,6.507,14.783,873.736,1754.258,0
60.291,1.602,5.182,15.317,1442.360,1822.799,0
60.949,2.940,6.274,15.020,1764.922,1773.658,0
57.124,1.642,6.313,10.975,1314.574,1840.279,0
62.845,2.191,5.804,15.578,376.956,1630.661,0
67.261,1.628,6.168,16.007,745.980,1809.278,0
63.980,2.562,5.555,14.251,1365.756,1774.839,0
63.153,2.252,6.168,12.443,1770.431,1712.802,0
62.359,2.165,5.689,12.344,1512.625,1646.196,0
58.641,1.937,6.293,14.572,1672.706,1801.369,0
55.275,1.714,6.167,13.427,871.432,1749.055,0
65.731,2.558,6.306,15.075,22.102,1666.941,0
55.362,2.280,5.333,14.399,1243.554,1751.514,0
64.789,3.214,6.579,12.950,1231.360,1733.339,0
74.044,2.759,5.935,13.471,1868.045,1751.478,0
61.224,1.982,6.440,12.418,1485.542,1762.399,0
69.227,2.319,5.740,14.950,41.119,1739.021,0
56.709,2.309,6.059,13.031,1007.741,1750.278,0
64.973,3.101,5.992,14.870,1913.463,1731.640,0
58.015,1.744,6.638,13.203,934.389,1783.527,0
56.195,0.900,5.884,14.446,1700.618,1770.643,0
62.575,2.345,5.976,13.379,1868.760,1762.577,0
63.529,2.566,5.760,15.198,1855.319,1844.074,0
53.823,1.400,5.412,11.457,208.877,1590.906,0
66.216,1.995,6.370,14.479,386.732,1764.871,0
56.795,1.708,6.735,13.261,694.856,1741.194,0
70.309,2.319,6.284,15.041,1570.228,1623.007,0
61.308,2.306,5.723,13.609,403.184,1631.012,0
66.098,2.184,6.455,14.531,1584.315,1806.814,0
71.732,1.685,6.782,14.490,186.780,1785.756,0
66.567,3.001,5.886,11.491,1949.082,1690.770,0
61.758,2.048,6.112,14.592,811.737,1770.959,0
64.168,2.339,5.773,15.794,996.588,1817.224,0
66.929,2.463,5.834,13.744,1178.845,1689.621,0
61.797,0.817,6.565,14.309,1382.448,1760.041,0
63.076,2.434,6.321,11.987,1066.639,1730.741,0
64.914,3.293,5.153,14.014,1073.957,1705.508,0
71.016,5.368,5.817,10.656,1826.067,1641.195,1
64.384,3.403,5.487,14.526,1510.430,1640.542,0
71.530,2.351,6.490,13.666,456.260,1771.514,0
67.734,1.820,5.342,13.965,1908.485,1688.746,0
55.604,1.307,4.850,16.298,769.748,1680.909,0
62.955,1.713,6.349,13.347,48.324,1766.309,0
53.615,1.685,5.030,12.098,573.318,1797.760,0
58.653,1.534,5.330,12.752,968.571,1810.104,0
61.693,1.526,6.017,15.357,1231.105,1708.175,0
48.926,1.629,5.472,13.731,1338.094,1613.829,0
66.589,1.988,5.720,13.958,1031.203,1751.437,0
64.936,2.567,5.723,14.284,324.531,1651.301,0
63.772,2.853,6.431,14.137,1573.520,1784.393,0
64.247,2.193,6.484,14.910,1030.552,1748.974,0
63.869,2.196,5.791,14.358,161.570,1880.827,0
56.538,2.015,5.464,13.695,1336.410,1760.873,0
56.129,1.858,6.035,12.766,1593.539,1789.922,0
55.594,0.614,6.043,13.225,1214.743,1675.593,0
62.171,3.449,5.559,11.531,514.478,1700.570,0
61.155,2.859,5.864,12.434,1358.969,1791.510,0
62.369,2.131,5.600,12.789,1435.278,1715.151,0
61.639,2.528,6.324,14.188,237.464,1696.367,0
59.574,2.525,5.162,15.970,278.697,1725.644,0
66.647,2.785,4.972,13.481,1615.203,1875.749,0
61.867,2.925,5.437,13.157,1446.500,1812.024,0
67.809,3.158,6.335,14.440,793.487,1809.720,0
51.301,1.001,6.486,14.054,1787.778,1757.863,0
50.409,2.478,6.331,14.002,1424.069,1712.297,0
68.752,2.768,5.727,16.071,482.680,1781.603,0
58.904,2.425,5.890,14.158,1703.222,1762.707,0
55.113,2.011,5.580,13.104,951.154,1693.287,0
68.817,2.733,6.097,12.301,539.681,1674.169,0
61.223,2.801,7.384,15.143,894.230,1713.589,0
52.604,2.183,6.434,12.400,219.796,1746.415,0
63.353,2.095,6.705,12.483,474.363,1709.712,0
57.900,0.896,6.501,13.904,912.024,1667.198,0
63.911,2.523,6.046,12.659,532.924,1726.667,0
67.736,2.731,5.813,14.839,381.566,1714.898,0
61.843,3.005,6.392,12.344,1856.527,1803.613,0
62.686,2.287,5.420,13.994,1600.767,1690.679,0
58.134,2.197,6.253,12.863,591.608,1862.186,0
55.161,1.849,5.826,13.958,1010.271,1821.922,0
64.326,2.815,7.080,16.603,1941.400,1746.862,0
74.358,5.999,5.881,14.763,2264.209,1362.804,1
59.865,2.349,5.245,16.890,1356.013,1741.766,0
50.667,1.572,5.427,11.427,78.928,1723.149,0
67.318,1.366,5.676,15.272,1907.219,1751.835,0
61.259,1.664,5.961,14.537,1870.589,1808.490,0
53.531,2.697,6.072,12.673,1696.398,1743.479,0
59.284,1.376,6.539,9.821,1447.943,1738.750,0
98.335,3.482,4.504,16.904,1405.866,1787.110,1
64.264,2.641,6.320,13.770,1527.917,1819.365,0
59.299,2.349,6.043,12.591,29.421,1729.720,0
60.707,1.830,6.853,16.107,1682.041,1720.047,0
60.172,1.711,5.523,11.062,432.229,1744.205,0
53.845,1.517,5.604,9.269,1573.729,1823.960,0
57.861,2.649,6.733,12.181,953.808,1699.837,0
62.057,2.678,5.731,15.294,1719.631,1686.826,0
69.154,2.484,6.406,12.680,1683.895,1703.510,0
58.154,1.690,6.067,12.301,868.551,1746.303,0
53.839,2.078,6.334,16.724,1919.683,1837.862,0
64.745,3.078,6.184,11.752,1722.273,1784.989,0
58.056,1.276,5.698,15.151,1067.665,1725.020,0
60.567,2.519,5.930,13.119,473.488,1786.293,0
58.255,2.000,6.472,12.500,893.933,1840.832,0
60.658,1.028,6.454,14.094,485.871,1841.946,0
63.034,2.078,7.084,13.445,97.141,1781.523,0
63.161,1.680,5.761,14.801,123.902,1767.923,0
55.639,1.249,5.019,14.046,898.148,1777.502,0
62.176,2.377,6.672,13.565,571.130,1726.900,0
62.276,2.465,5.282,15.790,328.286,1754.550,0
62.799,1.234,5.779,12.576,791.777,1637.470,0
57.882,1.840,5.524,13.953,913.708,1797.339,0
64.456,2.000,5.238,13.795,1182.851,1661.311,0
64.126,1.895,6.128,16.431,1625.074,1757.957,0
66.188,2.321,6.119,16.197,1117.617,1696.244,0
61.039,1.546,6.079,14.580,1677.241,1744.768,0
65.974,2.283,5.847,14.388,1693.588,1825.384,0
60.339,2.174,5.791,14.447,413.074,1787.223,0
61.245,1.997,5.555,14.664,1407.216,1773.728,0
66.698,2.171,5.846,12.567,1653.491,1663.373,0
66.808,3.011,5.735,16.298,1282.694,1772.673,0
63.941,2.354,6.230,13.297,1314.212,1787.186,0
84.990,2.873,4.798,17.498,1066.178,1672.435,1
60.749,2.568,6.157,13.598,113.428,1744.332,0
63.281,2.428,5.883,13.266,1102.278,1818.007,0
60.617,1.946,6.371,12.944,1324.785,1655.014,0
62.468,2.275,5.202,13.391,1081.621,1683.729,0
73.435,2.148,5.812,15.998,31.376,1732.863,0
63.515,1.335,5.643,14.313,272.154,1814.568,0
60.064,1.773,5.700,13.147,233.336,1740.155,0
54.285,3.433,5.406,14.596,372.500,1679.082,0
57.280,1.682,5.104,13.957,1936.920,1768.233,0
64.211,1.533,7.016,12.370,684.637,1752.367,0
61.673,1.529,6.153,13.377,1171.768,1733.882,0
68.306,1.849,6.383,13.599,1169.367,1766.453,0
62.537,2.681,5.885,12.402,1612.474,1713.914,0
61.820,2.543,5.837,14.186,955.170,1783.151,0
62.534,2.007,6.015,13.799,1560.965,1740.635,0
64.538,2.658,6.144,16.477,308.966,1622.718,0
66.540,3.225,6.961,12.193,456.471,1808.561,0
64.366,2.584,5.991,16.085,637.691,1717.099,0
77.938,5.925,5.348,15.746,2201.553,1632.419,1
58.335,3.062,5.770,11.852,1660.394,1776.378,0
58.923,1.700,6.690,14.035,1101.381,1749.562,0
64.273,2.137,6.308,12.989,634.500,1722.354,0
58.040,2.038,6.519,12.730,1576.791,1791.914,0
55.794,1.965,5.785,10.083,463.527,1676.624,0
64.883,2.026,6.328,13.793,673.054,1706.421,0
54.694,2.061,5.849,13.256,1409.303,1806.076,0
62.168,2.929,6.170,12.375,1889.738,1794.912,0
60.460,1.574,5.917,13.869,381.356,1741.943,0
64.749,3.140,5.990,15.083,791.021,1761.968,0
62.111,2.102,6.383,14.925,299.433,1705.719,0
58.368,1.926,5.695,15.273,1677.165,1753.056,0
69.070,2.610,5.611,12.756,1425.385,1803.896,0
59.776,1.796,6.659,11.276,1144.276,1701.076,0
65.111,2.413,5.644,15.390,1783.570,1816.063,0
58.216,1.525,6.621,14.682,51.404,1677.126,0
59.688,2.432,5.904,13.037,1484.096,1787.189,0
66.483,2.098,4.591,12.909,1573.030,1714.431,0
65.459,2.635,5.793,13.502,1897.880,1650.765,0
58.755,1.928,5.694,13.778,396.578,1723.396,0
76.615,1.507,6.858,14.819,843.848,1690.497,0
58.543,2.322,5.838,13.820,895.531,1766.938,0
59.590,2.438,5.404,15.651,1073.299,1639.043,0
56.682,2.025,5.509,16.360,1538.059,1698.591,0
58.273,2.192,5.977,13.323,395.880,1723.464,0
69.519,2.674,6.175,13.161,552.952,1750.386,0
62.022,2.334,6.500,13.483,54.367,1759.145,0
58.794,1.937,5.282,12.944,1659.571,1709.629,0
54.855,1.326,5.846,15.707,1707.752,1774.372,0
60.771,2.374,6.466,14.146,1042.628,1793.103,0
66.943,2.562,6.620,13.798,341.416,1772.560,0
62.521,1.911,5.770,13.361,1654.535,1792.992,0
60.224,1.635,5.684,14.291,267.310,1718.363,0
56.699,1.360,5.877,15.470,273.800,1696.733,0
67.923,2.142,5.578,15.591,571.794,1792.857,0
68.017,1.345,6.628,15.532,921.636,1702.827,0
65.502,2.104,6.630,14.239,1913.311,1739.114,0
56.008,1.538,6.181,11.315,1643.563,1862.954,0
65.337,2.437,6.460,15.434,1171.962,1738.511,0
56.691,2.593,7.029,12.477,745.158,1697.086,0
62.150,2.731,6.330,15.046,1279.352,1771.784,0
61.448,2.673,5.768,15.567,1754.630,1789.449,0
61.111,1.765,6.466,13.471,186.914,1727.607,0
52.349,1.342,6.661,14.391,244.247,1753.775,0
71.407,6.550,5.681,16.916,2508.136,1740.861,1
57.730,2.591,5.885,13.882,161.163,1793.934,0
63.348,2.451,5.923,16.240,1568.202,1707.072,0
61.388,2.137,5.742,12.478,25.275,1761.937,0
73.259,3.093,5.718,16.788,1032.339,1789.307,0
60.851,2.609,6.418,13.467,1999.324,1799.789,0
87.533,4.132,5.054,19.828,1349.632,1730.077,1
63.570,1.866,6.045,12.957,1512.692,1729.542,0
64.919,2.136,6.099,14.630,1791.954,1872.477,0
62.566,2.663,6.060,15.917,584.442,1654.752,0
65.209,1.935,6.244,12.414,129.303,1864.785,0
55.571,0.922,5.310,13.536,791.243,1638.409,0
56.117,2.236,5.303,13.866,43.436,1778.672,0
62.079,2.548,5.446,15.617,805.293,1741.541,0
57.757,2.084,5.858,13.385,1528.311,1721.514,0
52.793,1.324,6.373,11.827,1104.928,1779.089,0
66.243,1.616,6.270,15.577,1297.752,1775.188,0
59.316,1.413,6.117,15.709,440.616,1837.318,0
59.543,1.575,4.912,12.763,1772.219,1601.903,0
58.350,1.172,5.656,14.207,975.332,1689.497,0
61.952,1.755,6.656,14.856,81.758,1741.896,0
61.145,2.230,5.326,15.859,1475.812,1704.739,0
64.519,1.988,5.596,13.864,144.262,1740.312,0
66.233,2.600,5.540,15.136,1915.697,1811.688,0
66.285,2.257,5.748,13.578,941.191,1756.560,0
66.645,1.800,6.604,15.583,1782.598,1679.712,0
58.843,2.506,5.748,14.663,259.629,1752.245,0
64.976,2.790,6.025,14.809,1133.535,1778.573,0
69.607,2.056,6.413,11.862,1290.007,1760.132,0
73.779,6.345,5.205,17.295,1927.099,1628.053,1
67.283,2.519,6.142,14.605,1946.317,1744.771,0
66.301,1.752,6.520,15.701,1609.506,1775.052,0
60.952,1.497,5.416,13.616,1975.443,1750.802,0
61.684,2.720,7.270,14.404,124.361,1837.857,0
57.463,1.774,5.315,11.458,809.716,1653.942,0
65.455,1.823,6.067,16.034,1914.460,1688.578,0
61.972,2.370,5.682,15.927,160.036,1808.491,0
62.842,2.143,6.177,11.332,658.416,1722.676,0
57.330,1.294,6.163,16.708,856.369,1722.903,0
58.209,2.068,5.115,14.822,1307.960,1701.519,0
69.385,2.817,5.451,16.079,1047.275,1764.007,0
59.413,2.663,6.787,13.240,1663.382,1825.885,0
55.750,2.854,5.959,15.772,1326.996,1694.868,0
53.831,2.456,5.732,11.944,904.561,1806.957,0
62.418,2.368,5.768,12.207,1257.529,1758.937,0
50.953,2.567,5.939,12.641,1718.330,1739.067,0
62.496,2.854,5.968,16.762,1904.151,1784.713,0
67.625,1.669,5.532,16.195,97.533,1857.665,0
59.844,1.763,5.934,15.318,558.656,1842.650,0
63.530,1.622,6.183,15.012,1294.965,1704.505,0
60.291,2.326,6.960,15.642,980.103,1791.972,0
57.904,2.003,6.645,12.699,301.059,1734.163,0
63.185,3.084,5.973,13.968,397.549,1774.042,0
56.385,2.778,6.278,14.288,547.754,1807.375,0
62.783,2.660,5.949,12.686,167.379,1788.477,0
61.525,2.247,6.508,14.081,857.710,1802.849,0
56.099,2.602,6.076,10.412,38.200,1776.976,0
68.801,2.408,5.663,13.508,591.608,1799.607,0
65.664,3.194,5.248,13.619,1688.458,1710.786,0
67.518,2.546,5.922,12.223,279.557,1805.574,0
64.159,1.906,5.650,13.998,1079.945,1693.953,0
73.755,2.323,6.481,11.006,149.997,1743.373,0
64.149,2.951,6.478,12.756,1116.507,1807.380,0
70.668,2.295,6.069,13.697,304.420,1776.770,0
59.151,2.579,6.202,13.934,322.377,1667.203,0
62.363,1.417,5.580,14.739,238.600,1771.739,0
62.883,3.049,5.504,13.562,757.185,1806.403,0
59.677,1.350,5.723,13.710,588.179,1810.301,0
69.960,8.230,5.737,12.094,2123.519,1614.886,1
60.033,1.976,5.909,13.053,873.590,1808.326,0
57.487,1.992,6.305,13.435,46.418,1774.014,0
53.383,0.783,5.489,12.898,1016.715,1750.500,0
60.015,1.666,6.475,14.936,399.370,1768.599,0
66.004,1.960,6.096,11.038,1964.102,1706.143,0
69.724,1.642,6.497,14.640,1719.516,1784.051,0
62.652,2.363,5.608,9.666,1841.233,1822.964,0
56.113,2.107,6.125,13.760,1762.768,1774.424,0
64.529,1.528,5.811,14.189,433.920,1716.274,0
63.830,3.084,5.801,13.015,1569.835,1777.898,0
64.172,2.179,5.821,14.039,1354.945,1699.928,0
60.832,1.821,7.016,15.764,1194.322,1651.107,0
60.922,2.518,4.871,13.773,331.281,1832.780,0
59.187,1.936,6.393,14.474,271.511,1731.239,0
67.112,5.128,4.553,13.706,2142.703,1566.267,1
54.190,1.593,6.480,15.286,320.672,1795.697,0
63.361,1.889,6.311,13.746,857.289,1672.084,0
57.321,2.434,5.859,13.470,1490.932,1835.998,0
59.705,2.560,5.573,13.571,515.366,1734.429,0
67.397,2.725,6.160,12.066,1249.673,1768.315,0
59.038,1.585,6.357,16.229,1659.535,1730.437,0
61.598,1.981,6.851,12.431,1668.856,1739.375,0
65.128,2.949,6.237,10.982,1467.404,1668.439,0
61.262,1.758,6.797,12.701,1624.520,1685.267,0
59.062,2.151,5.149,12.830,1341.057,1735.633,0
70.174,2.334,6.596,14.016,1738.733,1844.283,0
61.791,1.759,6.360,17.118,1494.685,1744.773,0
64.628,2.183,5.860,14.187,1283.528,1731.941,0
66.307,1.896,5.574,14.106,792.876,1763.870,0
58.758,2.202,5.497,12.058,1645.289,1742.027,0
63.470,2.514,6.080,13.773,192.874,1779.670,0
61.902,2.726,6.262,14.465,1450.556,1755.285,0
68.021,1.438,6.406,11.222,1428.511,1740.626,0
66.743,2.544,6.179,12.934,1580.168,1657.089,0
69.094,1.994,6.180,13.675,1873.784,1696.670,0
58.563,2.021,6.936,13.079,769.580,1773.412,0
61.679,1.943,5.491,13.523,1781.170,1832.269,0
89.323,3.310,5.687,17.707,1845.341,1765.030,1
56.587,2.136,6.577,9.714,984.428,1815.073,0
58.340,1.705,5.400,14.251,1159.343,1842.970,0
71.197,2.809,5.478,16.981,1987.844,1735.112,0
63.206,2.386,6.144,15.419,1294.089,1771.535,0
56.753,2.116,5.292,12.589,1918.189,1783.186,0
59.341,1.028,6.314,11.754,1115.153,1717.250,0
71.566,3.180,6.368,16.997,856.856,1726.603,0
56.709,2.102,5.901,14.940,486.551,1710.930,0
67.745,9.177,6.205,15.521,2311.951,1592.021,1
84.423,3.046,7.238,19.592,2304.692,1687.084,1
63.184,2.133,6.416,13.333,116.119,1807.271,0
65.817,2.164,6.726,16.211,670.689,1781.487,0
63.521,2.595,5.641,14.725,110.317,1761.801,0
61.689,2.304,5.383,13.095,618.457,1821.570,0
55.005,2.076,6.104,13.355,1181.428,1788.607,0
62.112,0.977,6.621,12.421,583.420,1886.751,0
60.640,2.344,6.884,15.566,1791.350,1788.635,0
60.600,2.491,6.689,13.249,1134.474,1680.218,0
71.805,3.236,5.225,13.547,123.425,1724.131,0
61.000,2.365,6.583,13.157,1103.381,1754.435,0
60.107,1.873,5.998,14.964,442.891,1827.267,0
59.629,1.670,4.683,14.066,757.374,1699.495,0
59.101,2.351,5.772,16.727,682.719,1765.141,0
57.797,2.005,6.167,10.920,1517.162,1709.323,0
68.911,6.901,6.123,15.490,2183.973,1527.582,1
57.087,1.305,5.433,11.482,184.140,1704.210,0
68.907,3.402,6.195,12.301,1966.145,1818.899,0
53.119,1.434,5.933,16.336,880.553,1786.156,0
65.285,2.344,6.480,14.925,1246.715,1744.711,0
59.963,1.812,6.872,11.337,1899.498,1817.499,0
64.244,2.603,5.592,13.418,471.991,1775.374,0
62.821,2.067,6.587,12.813,46.280,1786.535,0
67.935,4.505,5.704,14.628,2289.301,1496.775,1
54.231,1.915,6.308,14.226,1314.165,1816.510,0
60.917,1.271,6.353,13.406,1676.004,1752.134,0
61.811,0.859,6.381,13.611,41.715,1771.053,0
64.281,1.769,5.976,13.665,710.300,1755.217,0
55.333,1.810,5.751,13.750,1437.405,1648.007,0
56.554,1.898,6.088,14.024,40.019,1747.389,0
64.962,1.896,5.784,12.492,1325.099,1614.342,0
55.824,1.974,6.637,12.902,767.816,1754.641,0
60.235,2.212,6.193,12.991,1626.338,1743.990,0
52.562,1.591,6.618,14.423,747.607,1809.086,0
57.911,2.776,5.485,14.049,740.744,1849.383,0
65.551,2.603,5.410,15.866,846.297,1769.258,0
61.450,2.096,5.710,10.720,1580.142,1708.680,0
59.832,1.984,6.420,12.284,151.990,1712.115,0
59.873,2.970,5.889,10.802,157.315,1713.711,0
59.234,3.281,6.539,12.733,1131.051,1710.033,0
59.927,1.831,6.261,13.544,885.915,1780.835,0
64.170,2.848,5.079,13.012,1890.818,1803.409,0
51.705,1.528,5.723,10.615,124.665,1735.177,0
63.956,3.055,6.090,13.384,929.224,1785.914,0
61.899,2.110,6.463,12.349,229.138,1764.725,0
67.612,2.565,5.950,15.626,567.971,1728.655,0
58.536,2.405,6.024,13.714,1979.768,1768.381,0
60.414,2.378,5.924,10.908,1946.086,1779.140,0
87.198,3.101,5.605,17.753,2295.219,1686.726,1
60.269,2.474,6.116,16.131,674.785,1800.527,0
66.534,2.050,5.981,14.849,1573.621,1692.681,0
55.475,3.127,5.663,13.793,1498.409,1746.951,0
57.144,2.184,4.824,14.777,56.907,1831.955,0
66.428,1.861,5.881,11.992,1216.925,1780.780,0
71.379,2.219,5.920,13.109,938.993,1859.404,0
67.658,2.405,6.808,12.159,409.313,1753.660,0
59.965,1.810,6.144,11.421,1495.276,1760.571,0
59.721,2.195,6.597,15.932,1877.336,1750.130,0
56.949,2.580,6.715,14.264,1426.249,1763.283,0
68.210,1.965,6.540,14.262,1453.341,1619.773,0
59.550,1.906,6.351,14.464,1701.729,1725.307,0
56.976,2.759,6.309,11.981,896.830,1780.173,0
57.165,7.954,6.445,10.996,1949.061,1481.620,1
63.427,6.123,5.324,15.208,2204.378,1935.817,1
66.662,1.760,6.164,14.206,1188.244,1792.188,0
72.867,6.551,5.369,16.785,2369.604,1471.848,1
58.621,1.832,5.857,14.093,1922.129,1830.346,0
67.163,2.896,6.095,15.420,881.187,1781.987,0
56.857,2.392,7.313,13.898,1909.518,1803.582,0
58.681,2.649,6.276,12.073,1030.180,1732.220,0
66.610,1.874,5.991,15.237,35.530,1756.677,0
69.814,2.204,5.978,14.637,494.570,1743.059,0
58.584,1.760,5.673,13.491,313.724,1782.052,0
64.605,1.574,6.224,13.233,1356.262,1758.987,0
57.694,2.318,5.165,15.840,584.061,1767.992,0
64.593,2.731,6.710,17.382,274.749,1739.719,0
60.029,1.543,6.006,14.287,1759.494,1752.159,0
62.453,2.354,5.617,11.459,1647.053,1799.250,0
58.599,2.304,6.501,15.147,903.075,1800.278,0
60.929,1.539,6.006,13.168,1527.188,1847.477,0
62.701,6.331,6.130,13.859,1938.357,1674.334,1
69.431,1.270,6.039,15.614,1306.352,1792.407,0
58.507,1.402,5.205,14.144,1296.713,1714.928,0
66.689,3.193,6.658,15.289,1271.803,1732.529,0
60.317,1.286,5.465,15.758,1011.236,1788.805,0
63.866,1.436,6.556,13.348,613.287,1750.089,0
67.889,2.737,5.608,16.439,1570.523,1714.070,0
61.402,3.312,5.621,13.060,72.358,1793.691,0
55.272,1.932,6.174,15.823,696.349,1797.687,0
66.612,2.078,5.922,13.270,420.982,1730.263,0
61.561,4.899,5.253,16.790,2440.575,1603.001,1
62.196,2.073,6.496,13.047,908.136,1720.594,0
68.303,2.563,5.764,12.588,827.718,1684.280,0
63.528,3.160,5.714,13.691,1571.265,1819.643,0
63.481,1.970,6.114,12.146,329.234,1699.108,0
48.972,1.693,6.012,12.911,318.498,1808.936,0
87.028,4.204,6.341,18.756,2103.191,1612.634,1
60.502,8.294,5.222,17.429,2414.352,1656.627,1
67.640,2.549,5.733,14.618,1367.877,1680.459,0
58.664,2.419,6.775,13.642,766.772,1716.702,0
51.677,2.196,6.406,15.716,703.257,1830.514,0
57.003,2.023,6.142,17.204,597.741,1741.112,0
55.232,1.018,5.649,15.025,283.278,1770.787,0
63.716,2.250,5.927,13.314,278.166,1761.912,0
65.353,2.221,6.624,16.567,1229.243,1798.113,0
63.017,2.362,6.067,13.976,1905.052,1707.679,0
59.887,2.312,6.000,14.208,148.142,1718.479,0
60.616,2.253,5.867,13.758,100.580,1722.199,0
58.203,2.453,5.984,14.641,817.906,1803.961,0
69.564,2.510,6.023,12.847,1219.832,1800.495,0
55.158,1.956,5.451,12.594,1407.902,1832.802,0
56.550,3.065,5.257,14.119,1411.285,1787.966,0
59.952,1.904,5.700,13.568,55.607,1743.892,0
55.306,2.075,6.457,11.253,1329.404,1840.818,0
66.084,2.200,5.072,11.906,985.764,1724.477,0
57.989,0.966,5.587,16.058,736.667,1679.093,0
59.673,1.625,7.098,15.477,1455.473,1707.091,0
66.054,2.521,4.571,14.273,307.672,1819.882,0
56.636,2.026,6.307,13.025,1513.787,1747.562,0
67.694,2.391,5.879,14.718,1236.836,1763.838,0
67.434,3.127,5.952,15.462,1744.325,1755.929,0
60.068,2.461,4.943,15.471,206.329,1869.789,0
66.212,2.817,6.827,15.297,1280.956,1771.637,0
59.852,2.724,6.194,13.753,1889.007,1867.128,0
65.367,2.266,5.374,13.861,896.850,1719.512,0
56.458,1.779,5.635,13.386,822.002,1841.693,0
60.471,2.335,5.634,15.276,1016.239,1802.640,0
57.412,2.479,5.288,11.568,445.209,1831.343,0
61.203,1.724,6.095,13.312,1188.061,1762.809,0
66.252,2.443,5.440,12.735,1789.181,1721.104,0
58.054,1.494,5.563,14.576,517.294,1701.446,0
89.282,3.068,4.916,17.654,1297.182,1713.450,1
56.189,1.865,5.654,14.182,260.893,1730.165,0
62.308,2.385,7.387,13.213,225.067,1792.678,0
68.503,2.235,6.498,14.480,1690.346,1721.290,0
58.143,2.243,5.380,13.949,806.568,1685.480,0
68.211,2.413,6.578,15.922,389.386,1754.868,0
61.034,3.482,5.950,13.408,1914.213,1788.868,0
62.650,2.033,4.613,15.836,598.505,1736.636,0
57.336,2.257,5.971,12.897,554.075,1817.127,0
66.543,1.600,6.477,14.842,265.776,1807.086,0
56.419,1.942,5.200,13.186,1098.306,1653.785,0
58.808,1.904,6.050,13.174,1676.030,1636.927,0
57.425,2.489,6.025,13.003,1907.059,1729.823,0
59.984,2.247,7.011,13.996,478.886,1723.182,0
61.841,1.376,4.649,15.277,1732.444,1701.913,0
64.934,2.658,6.598,13.208,932.993,1766.536,0
62.914,3.203,6.247,12.716,499.339,1695.105,0
61.781,2.248,6.059,15.395,1616.862,1764.996,0
57.466,1.318,6.488,13.542,182.183,1802.428,0
63.130,2.209,5.901,11.651,1091.873,1813.220,0
61.983,3.373,5.984,12.932,274.115,1832.951,0
60.114,1.258,6.603,10.635,1672.390,1850.407,0
67.756,2.146,6.259,11.865,61.825,1700.478,0
51.072,1.950,5.968,15.031,98.495,1760.732,0
67.504,2.049,5.645,14.126,266.154,1697.855,0
62.449,1.531,6.616,14.185,1199.209,1754.778,0
58.202,1.676,6.764,12.655,1790.101,1850.463,0
61.720,1.740,6.124,10.593,13.956,1733.989,0
57.423,2.348,6.461,11.919,408.573,1804.035,0
61.796,1.159,6.676,12.737,722.134,1741.811,0
61.468,1.420,6.081,15.350,1651.356,1677.609,0
70.151,1.925,6.162,15.091,1992.949,1705.761,0
61.566,2.048,6.224,13.148,93.594,1748.555,0
68.538,2.648,5.714,12.292,174.649,1735.264,0
55.176,1.551,6.877,14.739,68.758,1794.545,0
61.652,2.776,7.135,15.581,361.316,1760.280,0
55.437,1.630,5.541,15.846,807.093,1791.831,0
53.614,0.737,6.091,13.713,498.606,1771.181,0
61.994,1.067,6.112,15.648,37.146,1808.031,0
62.837,1.859,6.928,13.142,1699.635,1777.283,0
65.817,2.753,6.970,13.122,1375.495,1822.720,0
57.873,2.771,6.018,10.977,454.706,1719.827,0
65.963,1.972,5.018,13.356,31.473,1720.078,0
64.048,1.875,6.133,12.298,788.492,1742.595,0
55.732,2.013,6.296,12.843,133.970,1821.437,0
59.407,1.775,6.107,13.961,691.047,1715.531,0
54.677,2.453,6.581,14.174,837.107,1729.260,0
61.483,1.391,6.649,11.128,926.327,1758.591,0
64.527,2.337,6.175,12.883,137.541,1710.745,0
60.941,1.842,6.798,13.029,334.327,1781.749,0
74.776,1.990,6.074,15.115,1919.674,1815.139,0
64.116,2.889,6.387,16.381,732.277,1694.583,0
63.727,2.090,5.826,11.579,1577.201,1822.718,0
68.309,2.680,6.329,14.840,1537.959,1733.963,0
58.882,1.843,5.748,17.268,1897.585,1809.299,0
72.049,8.272,6.226,16.904,2224.222,1954.733,1
62.267,2.356,5.607,12.338,288.166,1737.868,0
81.365,2.791,5.618,21.114,1643.717,1712.843,1
64.629,1.755,6.277,13.758,1173.836,1747.646,0
62.884,2.905,5.732,12.211,1510.006,1776.869,0
54.718,1.705,6.499,16.009,1010.837,1752.231,0
58.971,1.811,5.840,14.981,756.381,1737.581,0
63.994,2.268,5.034,13.441,1087.575,1820.172,0
65.829,1.982,6.135,14.351,1383.899,1758.937,0
55.857,1.731,5.976,12.487,1034.672,1794.182,0
61.664,1.438,6.209,13.329,1417.220,1811.978,0
72.410,1.787,6.166,16.334,1486.586,1713.480,0
56.511,1.979,5.913,13.375,346.880,1852.636,0
57.732,1.887,5.379,11.659,444.337,1766.091,0
56.853,2.577,5.888,14.964,1215.067,1791.346,0
92.451,2.672,5.001,18.516,1251.201,1799.563,1
65.944,2.089,5.516,18.919,1434.133,1760.213,0
51.724,2.217,6.457,13.185,1141.334,1725.679,0
59.270,1.865,5.448,15.177,881.417,1768.308,0
65.910,1.866,5.642,13.897,971.314,1855.216,0
61.179,2.310,7.212,15.395,888.380,1764.104,0
69.721,2.669,6.335,17.368,1605.731,1905.324,0
65.238,1.953,6.833,12.863,47.894,1833.568,0
62.709,2.401,6.254,13.667,1953.070,1758.832,0
86.356,2.543,4.746,19.701,852.364,1574.833,1
56.353,2.328,5.161,15.176,929.714,1768.885,0
55.075,1.825,6.196,12.222,393.250,1677.814,0
60.210,1.873,6.491,13.501,426.749,1737.377,0
62.838,1.826,6.035,15.377,1654.791,1676.152,0
70.341,8.210,5.293,14.316,2451.928,1586.879,1
68.161,1.589,5.785,14.480,843.732,1850.530,0
61.662,2.152,6.455,15.489,1654.458,1768.614,0
53.738,2.580,5.711,15.540,792.471,1737.682,0
59.766,2.157,5.114,15.171,902.274,1726.146,0
73.236,2.761,6.379,17.277,857.144,1775.360,0
65.394,2.312,6.288,15.828,1846.705,1738.777,0
55.553,2.106,6.539,12.414,12.471,1765.049,0
55.515,1.610,6.100,13.378,448.732,1628.528,0
54.791,1.730,5.842,14.111,296.830,1823.257,0
65.741,3.040,6.546,10.815,1843.204,1750.038,0
58.272,2.238,6.194,11.718,183.615,1799.718,0
69.374,2.902,6.101,15.559,497.532,1821.144,0
57.929,1.939,5.896,15.414,1657.700,1764.062,0
61.994,1.892,5.064,13.426,1670.135,1719.452,0
59.988,2.210,5.971,12.240,597.124,1840.381,0
57.368,1.871,5.468,14.526,380.216,1780.026,0
50.985,1.825,5.756,10.810,554.034,1685.750,0
61.077,1.905,6.050,13.454,878.128,1868.384,0
55.859,1.936,5.964,13.759,1729.939,1843.029,0
54.245,2.284,5.378,14.713,1827.512,1775.685,0
59.932,1.389,6.305,14.595,1729.282,1721.191,0
68.026,2.721,5.816,13.620,1056.353,1737.821,0
61.138,2.792,6.342,17.905,1619.895,1715.341,0
89.369,2.312,5.208,20.132,1895.797,1797.355,1
63.997,2.426,6.880,13.065,1226.935,1869.899,0
57.890,2.588,5.705,14.533,1700.241,1790.650,0
61.678,1.506,5.879,10.720,908.609,1821.737,0
64.147,2.825,6.068,12.388,651.414,1687.142,0
62.463,1.701,5.708,13.948,148.551,1741.045,0
75.274,4.626,6.086,18.125,2272.457,1730.074,1
50.729,1.734,5.342,12.592,1882.294,1778.875,0
61.150,2.200,7.175,11.735,457.879,1728.642,0
63.455,2.243,5.711,15.791,801.997,1840.358,0
66.015,1.902,5.728,13.744,1961.020,1720.560,0
58.644,1.894,6.686,14.106,1137.593,1790.718,0
70.048,2.373,5.870,13.635,1114.483,1710.732,0
67.844,5.970,5.636,18.381,2081.993,1801.108,1
67.380,1.906,5.367,12.990,1142.776,1679.975,0
54.387,2.432,5.663,11.827,1507.050,1709.482,0
67.356,2.834,6.530,16.119,380.465,1718.564,0
58.734,2.176,6.801,12.189,284.693,1756.140,0
67.684,1.832,6.274,12.056,387.588,1694.470,0
58.747,2.046,5.748,13.380,1845.272,1744.843,0
60.630,2.197,6.788,14.864,1885.809,1690.985,0
65.460,2.330,6.145,14.061,597.060,1703.053,0
58.389,1.654,6.081,13.345,389.375,1716.611,0
66.037,2.757,6.884,11.892,1071.507,1817.195,0
60.472,2.086,6.251,16.120,1555.650,1718.156,0
58.066,2.437,7.005,14.047,669.825,1670.206,0
58.720,1.405,5.662,12.605,769.109,1748.353,0
64.204,1.847,4.919,12.447,1479.868,1762.465,0
64.949,2.580,5.949,13.852,1447.992,1701.430,0
62.768,1.791,6.025,14.759,979.461,1746.185,0
61.437,2.558,5.709,10.956,1519.083,1731.313,0
65.941,3.248,5.851,13.386,1189.256,1652.610,0
69.463,2.455,5.881,16.260,819.189,1772.157,0
55.945,2.628,5.542,13.644,5.726,1755.162,0
57.497,1.958,5.641,12.609,1963.663,1861.054,0
67.677,2.177,5.878,14.085,957.625,1701.431,0
64.072,2.834,6.024,14.322,1893.130,1813.099,0
60.014,2.195,5.997,11.041,1437.298,1709.266,0
59.375,1.749,6.002,14.396,1081.377,1845.664,0
63.823,2.722,6.956,11.049,1302.052,1724.295,0
69.167,1.711,6.350,14.650,1431.823,1684.887,0
60.698,2.400,5.089,17.236,1705.779,1841.193,0
55.709,1.918,5.675,13.616,652.733,1812.532,0
69.743,2.069,5.466,12.784,1453.045,1696.865,0
63.702,1.846,5.988,11.847,1652.819,1697.779,0
65.912,2.191,6.163,13.051,1829.061,1730.598,0
74.164,1.901,5.751,16.496,1759.124,1750.394,0
59.890,1.841,6.233,12.266,897.521,1683.288,0
61.519,2.006,6.199,14.105,1165.987,1717.648,0
95.902,4.263,5.324,19.053,2192.747,1738.260,1
61.257,2.299,6.198,13.410,1016.952,1687.810,0
65.755,3.227,6.150,12.111,1115.195,1720.510,0
70.071,1.894,5.852,15.952,1962.126,1809.255,0
62.705,2.612,6.457,13.425,634.093,1795.266,0
60.669,2.821,5.994,13.598,32.354,1601.801,0
61.881,1.850,5.958,14.352,304.328,1766.953,0
62.516,2.273,6.079,15.234,1269.883,1734.764,0
67.101,2.917,5.653,15.469,647.956,1726.674,0
51.603,2.356,5.486,16.010,890.092,1727.701,0
68.351,2.366,7.041,15.503,467.528,1724.619,0
59.070,2.060,5.869,12.853,146.692,1715.896,0
62.004,2.368,6.103,13.739,811.136,1698.779,0
57.876,1.839,6.601,13.657,916.768,1737.509,0
60.676,2.103,5.907,16.266,269.090,1699.730,0
60.664,2.754,5.436,17.732,1875.443,1800.528,0
63.298,2.890,6.284,13.084,44.179,1731.270,0
58.240,1.869,6.157,12.167,592.631,1771.956,0
62.404,2.212,6.178,16.078,65.126,1702.550,0
60.000,1.512,5.758,13.764,1878.506,1745.265,0
59.132,2.534,5.886,12.008,659.843,1777.166,0
56.810,1.938,6.461,14.731,870.258,1731.722,0
59.949,2.404,5.993,15.866,839.931,1764.059,0
75.840,7.093,6.395,15.468,2270.034,1862.642,1
58.718,2.832,6.068,15.280,922.675,1684.794,0
58.353,1.449,6.702,13.705,1507.846,1715.110,0
64.889,1.017,6.815,11.606,584.603,1716.637,0
58.545,1.541,6.054,12.233,1024.858,1863.145,0
60.992,2.190,6.450,14.349,779.942,1808.711,0
61.852,1.495,6.020,14.626,1947.994,1832.074,0
60.485,1.870,5.739,12.808,354.806,1711.549,0
61.203,1.589,6.055,13.293,1323.940,1680.536,0
68.818,1.044,5.678,13.377,1456.276,1867.668,0
88.542,2.770,4.776,18.045,2098.494,1626.675,1
60.158,2.076,5.699,13.119,701.518,1652.689,0
56.585,1.898,4.828,13.249,934.689,1669.761,0
60.582,2.480,6.072,13.228,1399.055,1810.237,0
62.295,2.010,5.390,11.882,1235.803,1757.260,0
64.036,1.817,5.562,14.718,198.918,1715.093,0
65.430,2.526,5.764,13.249,1282.027,1784.454,0
59.260,2.061,6.638,14.047,1273.762,1712.553,0
61.219,2.056,5.399,12.724,129.156,1794.229,0
61.422,2.585,5.793,12.583,489.088,1859.497,0
60.830,2.381,6.191,16.830,786.679,1874.942,0
73.156,2.864,6.193,13.047,600.938,1843.933,0
57.109,1.873,5.221,14.739,938.665,1811.577,0
55.059,1.158,5.922,16.501,1255.595,1753.865,0
60.608,3.082,6.426,14.773,1204.031,1750.382,0
62.293,9.967,6.026,12.391,1746.987,1716.760,1
61.848,2.204,5.971,14.445,485.824,1750.110,0
60.382,2.103,4.870,13.796,1696.854,1661.223,0
61.511,1.993,6.335,15.721,1504.777,1729.242,0
63.949,2.659,6.949,13.288,571.672,1780.807,0
55.134,0.857,5.783,15.041,559.609,1766.457,0
56.947,1.843,6.224,12.699,215.202,1751.516,0
66.521,2.176,5.558,12.731,237.241,1730.562,0
67.759,2.249,6.257,13.327,1545.809,1702.766,0
67.213,2.860,5.224,14.261,413.286,1623.178,0
63.453,1.683,6.821,13.733,1981.271,1751.268,0
61.050,2.460,6.354,11.603,1755.515,1672.062,0
58.970,2.766,5.892,12.700,1475.805,1801.251,0
68.430,2.999,5.731,14.090,0.480,1738.499,0
83.577,2.008,6.469,16.718,851.997,1609.979,1
56.753,2.267,6.772,13.978,317.212,1734.842,0
60.962,2.153,5.755,12.587,1295.035,1632.807,0
90.068,5.072,5.205,24.303,1340.696,1739.897,1
63.560,2.017,6.270,14.499,1858.370,1754.158,0
65.763,2.895,6.190,12.430,1061.103,1744.952,0
71.883,1.719,5.338,15.319,1277.577,1754.978,0
62.470,2.389,5.215,13.577,210.168,1868.205,0
59.733,1.537,6.425,12.853,1867.340,1743.803,0
59.210,1.900,5.754,11.522,1833.373,1817.562,0
65.229,1.951,6.521,13.398,1988.100,1700.669,0
64.588,2.202,6.132,15.299,932.548,1777.500,0
60.270,2.351,4.799,12.760,1044.724,1619.482,0
83.275,3.195,5.026,17.469,1712.240,1851.572,1
65.014,1.485,6.705,15.027,250.298,1884.727,0
58.820,2.249,5.838,12.753,1702.694,1738.622,0
65.763,2.171,6.502,12.642,239.469,1847.137,0
63.706,1.600,5.501,14.028,958.072,1825.941,0
72.571,3.497,6.191,15.412,472.315,1702.854,0
61.018,1.753,6.108,12.861,366.453,1644.970,0
61.510,2.467,6.057,12.387,1325.332,1779.421,0
87.752,3.423,6.710,18.087,1029.028,1732.717,1
60.703,2.114,6.013,14.539,1643.159,1732.181,0
56.060,2.595,5.430,13.759,1348.375,1748.394,0
58.649,2.220,5.120,12.872,260.049,1798.597,0
60.897,1.340,5.293,14.564,693.024,1767.332,0
71.117,2.403,5.845,11.563,1096.198,1839.260,0
59.138,2.337,5.034,12.978,1898.085,1749.414,0
71.800,1.424,4.864,13.127,1974.240,1839.418,0
63.801,1.746,6.837,16.867,1449.883,1826.956,0
57.765,1.304,5.886,13.235,129.987,1839.299,0
68.408,2.116,4.863,14.462,83.810,1666.823,0
66.554,2.316,6.846,13.331,438.100,1753.020,0
61.967,2.118,5.235,12.568,313.589,1646.893,0
53.468,2.343,5.941,13.678,1955.761,1747.888,0
64.135,5.424,5.807,13.143,1845.312,1854.971,1
62.723,2.403,6.112,13.987,1783.499,1740.897,0
62.044,2.319,6.199,14.183,940.145,1768.930,0
54.772,2.361,5.083,13.097,1663.562,1706.777,0
74.823,2.537,5.406,17.856,539.623,1797.579,0
58.094,2.925,6.004,15.900,1878.909,1733.509,0
65.488,1.690,6.125,12.716,1204.567,1747.924,0
67.294,2.424,6.427,13.967,1199.309,1782.122,0
55.859,1.818,5.079,14.376,447.345,1701.052,0
59.620,1.598,5.784,15.682,836.429,1666.455,0
56.379,2.459,6.167,13.496,21.331,1757.258,0
60.653,2.021,5.916,15.288,730.026,1721.848,0
70.942,2.682,6.132,15.594,1848.396,1681.464,0
60.720,2.435,5.119,15.491,529.148,1798.731,0
57.531,2.032,6.088,14.258,870.640,1748.407,0
67.206,2.284,6.834,14.140,1086.453,1785.855,0
67.792,2.245,6.419,14.939,1820.305,1676.165,0
63.751,2.117,6.803,15.687,1488.188,1739.465,0
57.143,1.967,6.469,9.824,1271.051,1721.318,0
67.348,2.118,5.912,16.399,863.811,1886.655,0
54.469,1.960,6.517,12.363,508.758,1783.867,0
64.608,2.103,6.059,15.190,227.340,1699.729,0
58.931,2.555,6.043,12.159,1164.767,1813.906,0
65.474,2.433,6.908,16.606,954.170,1803.047,0
57.584,2.390,6.019,13.213,354.125,1707.464,0
63.359,2.155,5.940,17.224,1207.642,1770.254,0
54.514,1.763,4.577,12.556,1389.373,1657.928,0
61.775,2.141,5.493,12.657,179.659,1798.118,0
74.817,2.896,6.436,13.692,1731.548,1681.755,0
55.169,1.798,6.627,13.051,1742.585,1738.924,0
68.564,2.491,6.141,16.678,360.019,1577.930,0
61.291,3.508,5.777,15.664,352.643,1705.930,0
63.483,2.583,6.566,14.782,789.082,1771.767,0
59.100,2.289,5.913,13.590,845.162,1698.258,0
57.695,1.749,5.643,16.131,1613.847,1785.897,0
68.881,2.401,6.026,12.631,1647.117,1742.929,0
67.299,2.425,5.635,16.045,1812.586,1839.623,0
57.226,2.161,5.624,12.622,387.610,1791.745,0
64.133,2.253,6.152,14.723,1326.211,1697.561,0
58.355,2.351,6.068,15.851,1555.149,1798.291,0
52.928,2.831,6.177,16.014,119.168,1678.715,0
65.570,2.571,5.634,15.221,1557.588,1757.464,0
59.266,1.944,6.210,11.953,915.260,1717.430,0
63.375,1.600,6.403,13.782,953.190,1714.445,0
57.886,2.423,5.906,12.306,1072.776,1675.001,0
62.290,2.140,5.763,11.722,579.933,1766.796,0
62.846,2.178,6.391,15.095,206.978,1826.474,0
60.857,1.389,6.008,13.059,755.911,1661.810,0
57.519,1.593,6.149,11.760,1532.002,1851.278,0
64.723,2.656,6.796,12.768,1658.645,1827.646,0
62.309,2.330,5.568,14.289,1525.111,1688.145,0
70.157,2.248,5.596,14.372,1772.833,1753.583,0
55.565,1.253,6.267,8.604,772.994,1733.766,0
59.032,2.673,6.426,12.858,701.823,1780.866,0
64.679,2.957,5.979,13.746,1648.236,1700.398,0
56.574,2.722,6.608,13.419,1810.564,1757.837,0
64.855,1.553,5.854,15.835,1013.553,1708.655,0
59.258,2.478,5.547,12.706,20.154,1791.776,0
66.894,2.344,6.259,17.928,376.298,1740.055,0
72.747,2.692,6.580,13.470,1805.294,1702.305,0
69.863,2.004,7.218,13.176,1562.210,1678.017,0
75.609,4.802,6.044,17.526,1850.625,1635.286,1
55.288,1.019,5.770,16.792,669.386,1736.249,0
61.978,2.439,6.402,14.491,1211.970,1767.922,0
67.393,2.999,4.275,15.345,486.264,1709.740,0
63.743,1.470,6.901,14.384,451.437,1749.912,0
88.470,4.662,5.507,16.004,2003.044,1735.525,1
65.319,2.510,6.582,13.807,1581.153,1744.513,0
59.012,2.340,6.117,12.448,769.292,1677.578,0
59.848,1.836,6.298,12.942,1379.512,1754.499,0
69.230,2.311,6.392,13.819,1531.494,1610.871,0
60.175,2.740,5.144,14.012,232.010,1793.559,0
56.323,1.872,5.933,12.443,1592.965,1685.459,0
53.720,2.024,6.446,16.066,1256.697,1695.974,0
64.118,2.498,6.844,12.989,1583.913,1705.576,0
65.133,3.014,6.215,13.909,615.265,1789.145,0
62.100,1.926,6.237,14.944,205.177,1764.445,0
62.633,2.225,6.058,12.665,1634.493,1769.969,0
57.252,2.094,5.745,12.974,1394.283,1718.858,0
62.520,2.360,7.346,12.597,1359.626,1653.529,0
64.490,2.454,6.151,13.649,995.476,1780.449,0
60.322,1.628,6.180,14.854,1602.638,1756.665,0
55.512,1.821,6.727,9.625,920.455,1818.303,0
67.811,2.779,6.416,14.349,1180.890,1714.132,0
63.952,2.930,6.275,12.740,57.993,1732.749,0
62.744,2.529,6.070,14.895,549.649,1869.882,0
56.034,2.037,5.212,13.519,786.124,1685.838,0
70.886,3.052,5.947,12.720,329.109,1626.357,0
60.271,1.997,4.805,14.149,1083.433,1828.116,0
68.091,2.050,5.856,14.985,1019.273,1776.042,0
63.685,2.456,5.351,14.948,1575.390,1775.027,0
58.444,1.515,5.857,13.405,1437.039,1707.204,0
60.708,2.573,5.574,14.123,1327.727,1804.280,0
60.366,2.089,6.674,16.868,159.408,1752.997,0
69.863,2.611,5.772,14.183,690.545,1646.743,0
64.523,2.059,6.582,15.089,441.832,1833.453,0
60.706,2.392,6.716,12.829,1004.564,1861.348,0
79.758,3.698,4.742,19.782,2055.595,1605.922,1
50.196,2.207,6.253,15.120,989.168,1774.150,0
68.326,2.675,5.767,13.317,1137.383,1804.010,0
57.706,1.339,5.538,14.916,1337.477,1711.995,0
57.552,2.815,6.054,13.417,10.606,1771.197,0
61.496,2.391,6.073,11.795,535.712,1789.479,0
62.452,2.384,6.490,16.783,1343.576,1734.259,0
61.489,2.334,6.213,17.645,1163.737,1750.287,0
65.263,2.174,5.763,14.419,509.282,1793.128,0
54.175,1.472,5.774,13.254,304.625,1568.807,0
56.266,2.405,5.754,17.632,772.602,1713.815,0
60.681,1.518,6.318,14.556,1830.735,1705.960,0
64.809,2.265,6.182,13.292,666.264,1683.461,0
64.778,1.962,6.572,16.882,1937.220,1702.511,0
61.960,2.546,6.179,13.665,383.183,1656.617,0
66.790,2.020,6.018,13.765,1925.000,1742.097,0
50.359,2.539,6.333,13.250,509.981,1704.820,0
60.315,2.990,6.099,13.326,253.105,1700.536,0
62.127,2.713,5.664,16.088,1230.036,1741.407,0
62.028,2.217,6.938,12.582,130.057,1729.312,0
57.487,1.869,6.475,15.381,905.333,1659.906,0
59.835,2.269,5.315,14.713,1564.151,1799.424,0
54.581,2.528,6.216,12.164,827.034,1689.310,0
70.242,2.874,5.252,12.862,61.465,1692.114,0
63.173,3.049,5.781,9.523,879.565,1661.592,0
59.701,1.386,5.491,15.144,414.488,1776.110,0
65.297,2.535,6.024,13.991,1232.179,1712.129,0
63.392,2.002,6.549,12.658,1212.765,1753.562,0
64.648,2.114,6.705,14.211,1526.410,1750.212,0
60.728,3.156,6.606,12.624,929.972,1684.663,0
54.900,1.519,6.320,14.978,1050.305,1727.680,0
60.958,2.206,6.218,14.393,139.779,1735.198,0
59.868,2.202,6.121,9.612,97.170,1649.217,0
59.544,2.051,4.658,14.402,1683.431,1681.906,0
66.888,2.334,5.793,18.274,796.985,1781.479,0
64.850,2.969,5.547,17.908,1837.438,1714.039,0
59.261,1.975,5.715,11.664,388.620,1793.697,0
66.659,1.278,5.582,14.875,1827.915,1767.953,0
61.857,2.353,6.041,13.547,1082.227,1727.228,0
71.947,1.774,6.528,15.592,1455.388,1778.436,0
55.892,1.332,6.034,12.035,1710.391,1747.274,0
62.458,1.906,4.782,12.122,559.374,1696.000,0
69.680,2.223,6.533,13.517,789.844,1683.433,0
63.135,1.874,5.923,13.352,1102.432,1644.281,0
55.420,2.030,5.595,14.205,1842.984,1796.906,0
64.803,1.281,5.796,11.881,49.682,1817.170,0
66.462,1.742,6.094,14.945,1519.160,1782.310,0
92.992,3.986,5.405,18.058,859.815,1857.808,1
59.093,2.397,5.386,15.274,1097.867,1744.558,0
64.402,2.571,5.685,11.210,751.975,1659.523,0
65.961,2.550,6.747,12.951,1758.684,1714.443,0
55.392,1.790,5.611,13.186,869.217,1725.729,0
65.342,2.048,6.366,12.456,1714.545,1793.728,0
65.096,2.345,6.488,13.350,1788.371,1793.230,0
59.172,3.541,6.018,13.420,1235.904,1736.180,0
60.092,2.089,5.284,13.799,1923.187,1687.815,0
68.063,2.674,6.363,16.054,1968.921,1718.677,0
55.684,1.655,6.106,12.277,595.655,1724.791,0
69.415,3.122,4.886,11.585,259.195,1718.273,0
59.539,2.076,6.304,14.146,507.136,1742.007,0
59.469,2.508,6.106,12.858,168.977,1819.412,0
55.716,2.399,5.856,15.238,1521.320,1758.265,0
60.864,3.202,6.741,14.690,314.296,1752.356,0
57.089,2.954,6.662,15.737,216.031,1727.390,0
68.357,1.759,5.672,12.835,1759.213,1785.028,0
55.147,1.746,6.262,12.969,170.203,1788.762,0
61.928,1.839,6.236,12.579,1093.833,1827.947,0
61.143,1.835,6.643,12.882,915.559,1702.735,0
61.194,2.357,6.886,12.774,1574.794,1748.731,0
58.440,2.485,6.145,16.849,678.682,1706.008,0
67.837,2.126,6.152,16.410,592.839,1771.810,0
60.651,1.772,6.142,12.874,850.422,1799.791,0
53.251,0.970,6.478,10.854,1228.616,1738.912,0
55.550,2.066,5.427,15.780,347.816,1828.005,0
55.393,1.873,5.241,11.340,1337.364,1694.391,0
61.013,1.562,5.163,12.074,88.710,1778.231,0
104.493,4.130,5.107,22.192,1515.098,1531.792,1
68.007,2.310,6.305,14.381,1346.390,1762.091,0
67.392,1.926,5.795,14.052,1982.543,1704.189,0
62.391,2.550,5.780,14.237,1653.706,1778.278,0
63.871,2.672,5.667,13.271,1933.961,1739.285,0
66.825,2.490,6.552,15.666,1118.314,1769.900,0
64.063,2.458,6.358,11.834,1493.903,1695.558,0
68.315,2.871,6.301,12.804,1169.741,1735.194,0
64.059,1.793,5.000,15.768,1653.199,1756.041,0
63.110,2.341,6.481,14.508,838.474,1711.524,0
55.875,2.279,5.737,12.817,137.566,1800.505,0
68.346,3.225,5.909,14.224,739.469,1745.590,0
60.742,2.616,6.196,12.743,420.426,1753.214,0
71.539,2.917,6.349,14.976,941.393,1765.783,0
62.462,2.427,6.695,15.850,214.539,1765.143,0
53.810,1.915,5.397,15.316,419.088,1756.268,0
61.771,2.427,5.887,17.093,986.852,1754.500,0
90.955,3.879,5.396,22.215,1699.632,1620.240,1
68.316,2.708,6.963,12.011,673.240,1742.646,0
63.700,1.950,5.832,13.059,1308.101,1815.864,0
70.487,1.841,6.688,16.373,567.698,1815.171,0
61.723,1.782,6.389,14.815,1456.144,1716.558,0
70.015,2.263,5.956,15.309,269.631,1769.783,0
59.310,1.990,5.707,12.582,645.967,1818.388,0
55.631,1.993,6.138,12.630,1071.741,1656.395,0
82.495,3.256,4.852,17.814,988.958,1800.642,1
57.973,1.580,6.118,15.430,645.267,1769.123,0
53.340,1.670,6.276,11.495,178.110,1823.542,0
60.660,2.225,6.369,13.236,1904.520,1761.352,0
52.799,2.050,5.075,14.815,317.863,1914.173,0
69.151,1.828,4.898,13.746,869.408,1704.018,0
65.140,2.075,6.385,12.134,586.064,1803.375,0
63.811,1.868,5.870,14.378,1094.913,1809.797,0
59.684,2.050,6.151,14.388,1516.906,1813.892,0
61.723,2.694,5.940,15.509,1496.678,1685.866,0
66.874,2.995,5.693,15.422,227.153,1783.781,0
60.281,2.605,5.706,15.805,1388.199,1730.637,0
67.105,2.714,6.784,10.217,1612.534,1809.824,0
61.683,1.886,6.571,12.883,138.806,1720.721,0
64.507,1.955,6.186,13.819,395.000,1727.304,0
60.870,2.363,6.614,12.206,1347.990,1863.044,0
61.051,2.037,5.979,14.055,1195.349,1809.967,0
64.086,1.945,5.989,13.121,97.116,1732.360,0
58.885,1.275,6.471,12.368,1624.954,1853.216,0
68.536,2.327,7.387,14.853,1948.848,1731.311,0
61.986,2.615,5.995,13.620,475.865,1638.722,0
60.989,1.783,5.152,13.305,1835.084,1784.800,0
68.225,2.559,5.481,15.195,1055.259,1794.022,0
57.697,1.870,6.286,15.592,488.643,1877.701,0
64.467,2.359,6.376,15.926,325.913,1708.221,0
58.089,2.318,5.954,15.909,130.688,1754.374,0
58.084,2.161,6.754,11.878,810.576,1667.560,0
74.321,1.913,6.309,14.123,311.632,1711.598,0
64.242,2.436,5.959,13.792,1109.494,1723.128,0
54.006,1.912,6.055,11.862,978.002,1777.088,0
61.325,1.512,5.600,13.396,762.840,1773.923,0
64.164,2.401,5.386,12.017,181.789,1889.216,0
58.258,2.393,5.266,13.173,1781.120,1758.636,0
62.615,2.775,5.900,11.522,1474.644,1721.552,0
65.983,2.211,6.240,13.219,1482.698,1765.896,0
57.866,1.367,5.167,15.717,834.368,1748.477,0
68.332,3.122,5.792,15.944,679.707,1740.324,0
67.676,2.336,5.730,15.113,1074.012,1773.408,0
58.481,2.403,5.861,16.312,370.569,1859.112,0
50.602,1.497,5.944,13.611,794.386,1877.458,0
53.447,1.956,6.358,12.277,525.931,1724.178,0
60.590,3.053,6.173,12.540,360.882,1786.522,0
54.327,2.396,6.914,13.433,1508.621,1733.855,0
62.150,1.979,6.978,15.728,375.971,1861.013,0
73.785,4.584,5.860,14.084,1952.232,1728.684,1
60.661,2.497,5.695,13.150,822.578,1684.474,0
72.438,4.726,5.091,14.453,2569.537,1509.084,1
58.645,2.908,6.156,13.196,38.584,1731.816,0
60.358,1.381,6.032,14.451,1917.052,1803.152,0
65.146,1.689,5.669,15.533,1637.328,1765.987,0
64.232,1.672,5.742,14.033,370.665,1791.520,0
59.747,1.076,5.154,11.761,867.178,1606.731,0
62.029,2.988,6.263,15.059,1822.929,1710.143,0
63.935,1.763,5.709,11.792,1244.990,1721.305,0
61.185,1.689,5.797,11.041,562.058,1719.774,0
66.713,2.349,6.226,14.976,727.100,1743.011,0
69.010,1.759,5.996,10.665,1197.305,1688.368,0
66.297,1.431,6.203,14.708,1834.842,1606.632,0
55.742,2.136,5.798,11.747,123.871,1754.716,0
61.978,6.012,5.743,15.608,2244.726,1530.077,1
68.191,2.941,6.150,13.871,1522.590,1588.786,0
70.099,2.272,5.805,15.198,1532.343,1693.922,0
63.688,2.454,5.521,12.709,626.794,1694.404,0
66.733,3.106,6.363,13.449,1792.183,1721.212,0
63.488,2.681,5.494,14.651,533.898,1808.256,0
60.022,2.508,6.397,12.177,987.818,1828.747,0
57.614,2.410,5.714,12.197,103.330,1797.710,0
69.688,1.889,5.731,10.783,257.173,1764.667,0
63.540,1.522,6.425,13.321,1813.292,1719.546,0
65.776,2.163,5.009,14.725,844.870,1796.476,0
68.576,2.459,6.530,13.595,1835.825,1744.481,0
60.354,2.580,5.619,10.732,257.319,1732.289,0
68.268,2.105,6.550,15.918,330.175,1848.932,0
66.982,2.819,6.498,14.599,1321.021,1722.448,0
53.916,2.547,5.298,12.629,1477.683,1753.234,0
62.307,2.812,6.132,12.653,1168.059,1703.345,0
65.539,1.544,5.548,13.985,88.162,1682.028,0
57.770,1.640,5.454,12.928,355.559,1736.936,0
61.880,2.475,5.427,16.139,777.576,1841.733,0
59.097,1.545,5.903,13.665,180.470,1760.256,0
67.451,2.617,6.100,13.295,1671.133,1660.697,0
64.337,3.371,5.700,13.803,1198.086,1854.315,0
60.374,1.609,5.819,11.457,505.214,1751.642,0
52.295,1.364,7.165,11.826,22.828,1782.440,0
54.838,2.857,5.818,13.301,1024.200,1795.780,0
62.317,2.767,5.735,15.373,1998.261,1630.192,0
58.383,2.161,4.460,12.501,1315.459,1809.550,0
65.713,1.889,6.078,15.335,284.441,1788.280,0
58.396,2.375,6.053,16.749,237.495,1798.100,0
67.021,2.053,6.285,14.231,1823.395,1685.900,0
90.194,3.948,5.265,18.250,2248.406,1795.853,1
67.895,2.608,5.854,13.159,1765.342,1861.187,0
52.301,1.573,6.423,13.294,1856.768,1736.894,0
60.330,1.703,5.402,13.264,1120.173,1745.054,0
76.477,2.362,6.665,15.726,293.947,1830.685,0
59.570,2.003,6.130,16.064,1506.285,1788.285,0
59.988,1.279,6.952,13.143,938.941,1676.709,0
88.243,1.732,5.571,21.083,2202.182,1806.901,1
62.385,2.460,6.162,16.040,1679.938,1743.056,0
61.206,1.520,5.852,15.254,1234.871,1801.009,0
55.580,1.990,5.396,14.622,213.482,1802.374,0
67.561,2.440,6.267,14.133,1541.954,1770.970,0
58.124,1.865,5.603,14.958,204.541,1718.322,0
57.477,1.852,5.703,10.639,1145.695,1715.530,0
67.780,2.380,5.964,15.464,1202.677,1849.508,0
75.718,2.100,4.820,15.158,877.653,1764.455,0
56.849,2.099,5.560,13.906,1299.993,1763.222,0
67.127,2.412,5.857,13.950,11.479,1716.627,0
69.289,2.203,6.098,15.163,1271.982,1599.590,0
56.204,1.779,5.407,13.272,896.517,1781.445,0
59.251,2.067,5.984,14.156,1069.543,1705.725,0
62.598,3.776,6.680,13.820,934.297,1723.975,0
47.344,0.815,7.271,14.038,1111.679,1877.523,0
64.509,2.344,5.700,15.718,755.237,1694.828,0
92.433,4.392,4.658,16.649,907.179,1533.966,1
57.545,1.842,5.752,14.337,1662.207,1760.981,0
64.054,1.992,6.577,14.882,1385.739,1724.824,0
68.309,2.286,5.523,12.120,378.290,1719.486,0
61.670,2.291,6.558,16.487,1529.761,1820.815,0
64.879,2.587,6.101,16.679,1402.768,1745.731,0
86.559,3.743,4.865,18.454,1467.748,1757.522,1
65.293,2.307,5.966,14.133,622.097,1820.204,0
87.243,3.832,4.439,19.913,1140.626,1645.940,1
59.821,2.529,5.752,15.116,861.268,1774.095,0
64.958,2.023,5.549,13.265,1972.409,1859.412,0
60.651,2.359,5.174,12.312,702.721,1674.241,0
70.854,2.208,5.936,11.849,997.992,1789.822,0
64.984,2.613,5.612,15.951,1962.521,1701.025,0
69.396,2.425,5.713,14.480,1409.354,1624.954,0
66.027,2.712,6.034,10.968,231.308,1803.653,0
69.954,2.574,6.685,14.639,1617.358,1766.787,0
65.965,3.305,5.581,18.521,1208.804,1817.923,0
53.579,1.716,5.890,12.710,287.358,1746.759,0
68.724,2.802,5.821,14.605,462.218,1685.497,0
64.729,2.217,6.107,15.550,1701.151,1845.551,0
69.838,3.131,5.272,13.122,1248.530,1795.367,0
56.214,2.479,6.835,14.041,933.226,1721.830,0
69.485,2.797,6.176,13.260,852.559,1770.354,0
71.974,2.717,5.209,14.163,450.362,1738.893,0
55.946,1.458,6.188,13.673,630.620,1766.982,0
55.457,1.836,6.720,13.449,177.391,1833.578,0
58.284,2.284,5.788,13.740,512.008,1734.498,0
62.602,1.889,6.465,17.925,1486.109,1784.189,0
64.108,8.453,5.268,14.332,2025.827,1739.983,1
72.967,1.341,5.959,12.273,838.561,1785.667,0
56.649,1.500,5.916,12.215,1159.493,1767.672,0
66.230,2.510,6.537,14.251,1925.230,1802.489,0
60.827,1.070,6.082,15.042,1155.029,1825.467,0
64.998,2.212,5.951,15.671,938.256,1770.500,0
62.303,2.843,5.661,13.864,1271.947,1766.135,0
66.426,3.207,5.991,13.731,482.604,1706.208,0
55.954,2.033,6.101,15.574,1860.906,1806.429,0
66.360,2.599,6.317,13.224,1573.343,1702.900,0
62.496,2.942,6.138,11.167,939.827,1901.686,0
80.780,3.387,5.257,14.979,1739.378,1807.109,1
72.266,2.289,6.350,14.396,1474.657,1679.166,0
63.668,1.707,6.031,14.363,1536.558,1784.459,0
61.467,2.391,5.371,16.460,1004.901,1759.348,0
44.794,1.522,5.633,14.085,583.377,1813.459,0
59.457,2.085,5.894,13.977,230.047,1769.608,0
59.958,1.424,6.034,14.801,830.273,1713.179,0
67.174,6.219,6.455,16.816,1779.882,1853.013,1
61.998,1.568,5.672,14.838,1536.005,1741.508,0
57.384,1.743,6.475,14.362,918.988,1838.108,0
61.625,1.889,7.099,13.334,1806.717,1826.610,0
70.968,7.424,5.137,14.222,1576.778,1318.269,1
63.723,1.985,6.248,15.055,1051.598,1768.150,0
57.641,2.275,6.564,10.949,86.782,1813.256,0
69.378,1.614,5.969,15.898,1268.019,1563.466,0
64.906,1.592,6.898,13.835,1672.513,1791.586,0
70.601,2.539,6.083,14.962,1888.319,1763.997,0
54.379,1.609,6.421,14.829,1126.136,1676.262,0
55.052,0.860,6.470,13.240,531.165,1783.647,0
56.001,2.609,5.863,10.734,1227.122,1826.440,0
60.617,2.932,5.795,13.599,652.623,1778.336,0
60.695,1.575,6.164,17.567,1843.796,1798.008,0
65.329,2.751,6.013,14.009,1689.735,1697.843,0
71.159,2.291,6.094,12.187,780.974,1751.599,0
53.374,1.486,6.468,13.771,1941.486,1691.827,0
62.238,2.162,6.283,16.398,354.080,1854.519,0
65.064,2.021,5.660,15.411,1662.031,1761.240,0
51.910,1.862,6.983,12.356,219.272,1741.804,0
62.162,2.102,6.782,14.196,534.045,1737.139,0
66.905,3.699,5.282,14.329,594.215,1732.445,0
71.626,2.779,5.730,13.224,874.585,1738.632,0
59.202,2.132,6.625,12.776,1610.448,1880.330,0
62.865,2.118,6.297,11.510,62.690,1732.412,0
60.270,2.425,5.899,12.704,1120.269,1747.694,0
65.793,1.985,5.987,15.249,921.523,1698.593,0
61.441,2.748,6.385,14.211,567.396,1724.253,0
67.853,1.983,5.757,13.364,973.495,1781.854,0
54.600,1.805,7.117,12.528,371.278,1807.652,0
63.125,2.187,5.590,13.355,1684.179,1541.133,0
65.176,2.763,7.251,13.901,1601.212,1630.682,0
58.247,2.310,5.745,14.257,1962.951,1720.933,0
61.555,1.514,6.160,13.051,1692.643,1902.162,0
70.252,3.242,4.832,14.128,1836.063,1710.486,0
60.098,2.763,6.422,12.094,127.071,1739.896,0
60.843,1.493,6.064,12.699,278.724,1760.570,0
55.685,1.201,6.089,12.720,1061.828,1693.910,0
57.524,1.579,5.882,12.548,1659.907,1655.210,0
62.184,2.740,4.661,14.308,1649.851,1779.266,0
64.352,1.794,6.503,14.636,1740.326,1606.431,0
68.156,3.262,6.125,14.080,1278.535,1714.740,0
67.007,6.785,5.847,10.993,1742.705,1689.803,1
62.399,2.881,5.723,12.408,225.500,1657.025,0
67.136,2.988,5.947,12.930,1019.828,1759.922,0
56.074,2.219,5.666,11.262,1564.224,1781.418,0
66.923,1.587,5.501,15.665,422.517,1821.477,0
66.080,1.730,6.222,16.866,1485.778,1842.324,0
58.912,1.856,5.964,11.966,230.465,1752.178,0
49.581,2.243,5.971,12.015,1713.394,1743.949,0
58.995,2.022,6.267,14.413,1183.176,1672.106,0
59.020,1.305,6.148,15.878,1437.245,1792.083,0
63.549,2.329,5.939,14.233,1114.479,1733.732,0
55.149,2.043,5.374,11.006,1527.745,1817.996,0
70.901,2.579,5.798,14.577,1922.654,1817.319,0
69.241,2.364,5.457,15.015,1646.952,1753.190,0
68.836,1.554,5.467,14.476,1454.664,1773.381,0
68.576,2.063,5.243,13.691,1530.718,1714.511,0
73.586,2.214,5.882,16.680,1199.816,1788.730,0
62.476,2.869,5.982,14.815,1306.081,1739.974,0
63.194,2.634,5.953,13.345,1529.517,1737.673,0
61.966,3.110,5.860,11.946,267.878,1771.082,0
56.752,1.436,6.913,13.797,1642.177,1729.232,0
65.559,2.849,5.940,12.795,222.785,1674.911,0
68.412,2.812,6.050,12.351,315.611,1733.219,0
63.048,2.330,6.134,16.176,277.293,1701.529,0
65.848,3.382,6.619,16.869,281.929,1812.069,0
66.493,2.395,6.079,13.350,166.461,1698.455,0
61.467,2.548,6.266,12.724,1643.440,1831.112,0
61.802,1.467,6.211,14.234,565.754,1723.584,0
60.354,2.361,6.240,15.390,319.080,1690.614,0
62.953,1.955,5.179,13.967,941.934,1712.672,0
62.896,1.998,4.854,16.290,1562.707,1766.075,0
62.897,3.432,6.411,14.365,1717.097,1672.833,0
54.556,1.808,5.307,14.838,58.034,1856.113,0
59.795,1.406,6.001,14.729,1515.719,1732.194,0
65.167,2.471,6.953,15.958,349.490,1740.254,0
59.021,3.052,5.994,10.564,83.258,1684.225,0
59.653,2.545,5.828,12.570,755.927,1788.056,0
63.714,1.555,4.924,13.289,1231.239,1722.562,0
54.994,2.844,5.320,13.027,568.700,1682.982,0
67.061,2.543,5.938,15.954,1787.731,1655.883,0
65.096,8.238,5.447,16.504,1516.203,1526.322,1
66.879,2.770,6.231,15.117,463.526,1734.039,0
64.697,2.159,5.827,12.776,818.443,1822.768,0
62.701,0.412,6.191,14.947,385.971,1808.119,0
60.952,2.182,6.764,14.233,1922.286,1748.560,0
56.278,2.078,6.365,12.808,1313.203,1831.495,0
58.119,1.437,6.573,12.950,1875.431,1775.518,0
66.848,2.331,6.153,16.309,1950.484,1792.143,0
56.067,1.151,6.110,12.726,9.912,1704.734,0
64.608,2.051,5.543,12.034,1050.606,1757.657,0
60.430,1.424,5.397,13.577,330.248,1741.578,0
60.393,1.801,6.296,16.320,1066.172,1673.898,0
62.884,2.773,6.321,15.226,1944.973,1729.324,0
64.699,1.891,5.414,15.892,1777.406,1648.158,0
61.782,1.375,6.874,14.572,534.501,1656.008,0
55.143,3.153,5.640,14.687,937.586,1714.756,0
55.941,2.672,6.305,11.319,76.235,1773.741,0
62.458,1.893,6.156,12.515,1258.040,1858.241,0
63.950,2.347,6.450,16.313,863.621,1694.972,0
61.498,1.182,6.139,15.312,840.591,1733.873,0
87.063,3.488,5.931,21.974,1229.703,1705.864,1
65.016,1.943,6.107,12.796,1172.206,1793.518,0
62.015,2.402,5.376,14.271,266.348,1769.393,0
64.689,3.569,6.956,13.319,277.899,1761.930,0
58.723,1.304,6.508,14.207,870.648,1716.332,0
64.689,1.840,5.921,16.455,845.197,1872.674,0
64.218,3.009,6.160,14.811,1346.622,1637.925,0
64.985,2.855,5.483,15.526,986.295,1753.700,0
55.467,2.592,5.651,11.673,398.638,1605.851,0
66.914,2.118,5.198,14.599,395.478,1859.122,0
62.917,2.323,6.326,16.514,751.318,1720.997,0
69.517,2.139,6.661,15.629,1007.459,1667.220,0
64.541,7.649,6.169,17.612,2131.355,1657.546,1
68.127,2.692,4.961,12.121,211.818,1828.684,0
68.267,3.102,5.926,13.634,789.749,1697.607,0
68.207,2.287,5.971,15.405,1115.727,1708.200,0
56.701,2.871,5.993,13.297,1267.037,1772.371,0
64.616,2.445,6.569,11.853,1618.359,1731.105,0
61.582,2.344,6.112,15.329,233.504,1816.371,0
65.054,3.423,5.621,13.984,1386.443,1762.924,0
68.631,2.085,6.390,12.058,1277.491,1800.974,0
61.742,2.566,6.261,11.454,1849.787,1695.872,0
64.136,2.420,6.239,14.299,31.474,1733.502,0
60.852,2.529,5.524,13.312,818.994,1801.663,0
65.367,2.414,5.409,12.988,450.811,1786.025,0
67.389,2.284,6.089,17.591,702.842,1754.966,0
61.311,1.821,5.525,15.040,1206.942,1713.682,0
62.902,2.493,6.462,13.234,1308.958,1818.739,0
62.435,2.796,6.127,15.981,844.389,1795.253,0
62.129,1.088,5.165,12.263,532.901,1734.204,0
72.374,2.602,6.722,16.018,1708.265,1694.140,0
70.137,2.429,5.606,15.967,544.630,1687.959,0
60.901,2.556,5.836,14.311,981.635,1730.461,0
62.213,2.566,6.463,13.587,303.786,1711.199,0
65.479,1.848,6.675,15.212,510.426,1775.975,0
54.555,2.261,5.816,9.919,1867.379,1702.850,0
